img1,img2,flow
train/Frame_Anime/agent_basement2_weapon_approach/original/Image0186.png,train/Frame_Anime/agent_basement2_weapon_approach/original/Image0187.png,train/Flow/agent_basement2_weapon_approach/forward/Image0186.flo
train/Frame_Anime/agent_basement2_weapon_approach/original/Image0187.png,train/Frame_Anime/agent_basement2_weapon_approach/original/Image0188.png,train/Flow/agent_basement2_weapon_approach/forward/Image0187.flo
train/Frame_Anime/agent_basement2_weapon_approach/original/Image0188.png,train/Frame_Anime/agent_basement2_weapon_approach/original/Image0189.png,train/Flow/agent_basement2_weapon_approach/forward/Image0188.flo
train/Frame_Anime/agent_basement2_weapon_approach/original/Image0189.png,train/Frame_Anime/agent_basement2_weapon_approach/original/Image0190.png,train/Flow/agent_basement2_weapon_approach/forward/Image0189.flo
train/Frame_Anime/agent_basement2_weapon_approach/original/Image0190.png,train/Frame_Anime/agent_basement2_weapon_approach/original/Image0191.png,train/Flow/agent_basement2_weapon_approach/forward/Image0190.flo
train/Frame_Anime/agent_basement2_weapon_approach/original/Image0191.png,train/Frame_Anime/agent_basement2_weapon_approach/original/Image0192.png,train/Flow/agent_basement2_weapon_approach/forward/Image0191.flo
train/Frame_Anime/agent_basement2_weapon_approach/original/Image0192.png,train/Frame_Anime/agent_basement2_weapon_approach/original/Image0193.png,train/Flow/agent_basement2_weapon_approach/forward/Image0192.flo
train/Frame_Anime/agent_basement2_weapon_approach/original/Image0193.png,train/Frame_Anime/agent_basement2_weapon_approach/original/Image0194.png,train/Flow/agent_basement2_weapon_approach/forward/Image0193.flo
train/Frame_Anime/agent_basement2_weapon_approach/original/Image0194.png,train/Frame_Anime/agent_basement2_weapon_approach/original/Image0195.png,train/Flow/agent_basement2_weapon_approach/forward/Image0194.flo
train/Frame_Anime/agent_basement2_weapon_approach/original/Image0195.png,train/Frame_Anime/agent_basement2_weapon_approach/original/Image0196.png,train/Flow/agent_basement2_weapon_approach/forward/Image0195.flo
train/Frame_Anime/agent_basement2_weapon_approach/original/Image0196.png,train/Frame_Anime/agent_basement2_weapon_approach/original/Image0197.png,train/Flow/agent_basement2_weapon_approach/forward/Image0196.flo
train/Frame_Anime/agent_basement2_weapon_approach/original/Image0197.png,train/Frame_Anime/agent_basement2_weapon_approach/original/Image0198.png,train/Flow/agent_basement2_weapon_approach/forward/Image0197.flo
train/Frame_Anime/agent_basement2_weapon_approach/original/Image0198.png,train/Frame_Anime/agent_basement2_weapon_approach/original/Image0199.png,train/Flow/agent_basement2_weapon_approach/forward/Image0198.flo
train/Frame_Anime/agent_basement2_weapon_approach/original/Image0199.png,train/Frame_Anime/agent_basement2_weapon_approach/original/Image0200.png,train/Flow/agent_basement2_weapon_approach/forward/Image0199.flo
train/Frame_Anime/agent_basement2_weapon_approach/original/Image0200.png,train/Frame_Anime/agent_basement2_weapon_approach/original/Image0201.png,train/Flow/agent_basement2_weapon_approach/forward/Image0200.flo
train/Frame_Anime/agent_basement2_weapon_approach/original/Image0201.png,train/Frame_Anime/agent_basement2_weapon_approach/original/Image0202.png,train/Flow/agent_basement2_weapon_approach/forward/Image0201.flo
train/Frame_Anime/agent_basement2_weapon_approach/original/Image0202.png,train/Frame_Anime/agent_basement2_weapon_approach/original/Image0203.png,train/Flow/agent_basement2_weapon_approach/forward/Image0202.flo
train/Frame_Anime/agent_basement2_weapon_approach/original/Image0203.png,train/Frame_Anime/agent_basement2_weapon_approach/original/Image0204.png,train/Flow/agent_basement2_weapon_approach/forward/Image0203.flo
train/Frame_Anime/agent_basement2_weapon_approach/original/Image0204.png,train/Frame_Anime/agent_basement2_weapon_approach/original/Image0205.png,train/Flow/agent_basement2_weapon_approach/forward/Image0204.flo
train/Frame_Anime/agent_basement2_weapon_approach/original/Image0205.png,train/Frame_Anime/agent_basement2_weapon_approach/original/Image0206.png,train/Flow/agent_basement2_weapon_approach/forward/Image0205.flo
train/Frame_Anime/agent_basement2_weapon_approach/original/Image0206.png,train/Frame_Anime/agent_basement2_weapon_approach/original/Image0207.png,train/Flow/agent_basement2_weapon_approach/forward/Image0206.flo
train/Frame_Anime/agent_basement2_weapon_approach/original/Image0207.png,train/Frame_Anime/agent_basement2_weapon_approach/original/Image0208.png,train/Flow/agent_basement2_weapon_approach/forward/Image0207.flo
train/Frame_Anime/agent_basement2_weapon_approach/original/Image0208.png,train/Frame_Anime/agent_basement2_weapon_approach/original/Image0209.png,train/Flow/agent_basement2_weapon_approach/forward/Image0208.flo
train/Frame_Anime/agent_basement2_weapon_approach/original/Image0209.png,train/Frame_Anime/agent_basement2_weapon_approach/original/Image0210.png,train/Flow/agent_basement2_weapon_approach/forward/Image0209.flo
train/Frame_Anime/agent_basement2_weapon_approach/original/Image0210.png,train/Frame_Anime/agent_basement2_weapon_approach/original/Image0211.png,train/Flow/agent_basement2_weapon_approach/forward/Image0210.flo
train/Frame_Anime/agent_basement2_weapon_approach/original/Image0211.png,train/Frame_Anime/agent_basement2_weapon_approach/original/Image0212.png,train/Flow/agent_basement2_weapon_approach/forward/Image0211.flo
train/Frame_Anime/agent_basement2_weapon_approach/original/Image0212.png,train/Frame_Anime/agent_basement2_weapon_approach/original/Image0213.png,train/Flow/agent_basement2_weapon_approach/forward/Image0212.flo
train/Frame_Anime/agent_basement2_weapon_approach/original/Image0213.png,train/Frame_Anime/agent_basement2_weapon_approach/original/Image0214.png,train/Flow/agent_basement2_weapon_approach/forward/Image0213.flo
train/Frame_Anime/agent_basement2_weapon_approach/original/Image0214.png,train/Frame_Anime/agent_basement2_weapon_approach/original/Image0215.png,train/Flow/agent_basement2_weapon_approach/forward/Image0214.flo
train/Frame_Anime/agent_basement2_weapon_approach/original/Image0215.png,train/Frame_Anime/agent_basement2_weapon_approach/original/Image0216.png,train/Flow/agent_basement2_weapon_approach/forward/Image0215.flo
train/Frame_Anime/agent_basement2_weapon_approach/original/Image0216.png,train/Frame_Anime/agent_basement2_weapon_approach/original/Image0217.png,train/Flow/agent_basement2_weapon_approach/forward/Image0216.flo
train/Frame_Anime/agent_basement2_weapon_approach/original/Image0217.png,train/Frame_Anime/agent_basement2_weapon_approach/original/Image0218.png,train/Flow/agent_basement2_weapon_approach/forward/Image0217.flo
train/Frame_Anime/agent_basement2_weapon_approach/original/Image0218.png,train/Frame_Anime/agent_basement2_weapon_approach/original/Image0219.png,train/Flow/agent_basement2_weapon_approach/forward/Image0218.flo
train/Frame_Anime/agent_basement2_weapon_approach/original/Image0219.png,train/Frame_Anime/agent_basement2_weapon_approach/original/Image0220.png,train/Flow/agent_basement2_weapon_approach/forward/Image0219.flo
train/Frame_Anime/agent_basement2_weapon_approach/original/Image0220.png,train/Frame_Anime/agent_basement2_weapon_approach/original/Image0221.png,train/Flow/agent_basement2_weapon_approach/forward/Image0220.flo
train/Frame_Anime/agent_basement2_weapon_approach/original/Image0221.png,train/Frame_Anime/agent_basement2_weapon_approach/original/Image0222.png,train/Flow/agent_basement2_weapon_approach/forward/Image0221.flo
train/Frame_Anime/agent_basement2_weapon_approach/original/Image0222.png,train/Frame_Anime/agent_basement2_weapon_approach/original/Image0223.png,train/Flow/agent_basement2_weapon_approach/forward/Image0222.flo
train/Frame_Anime/agent_basement2_weapon_approach/original/Image0223.png,train/Frame_Anime/agent_basement2_weapon_approach/original/Image0224.png,train/Flow/agent_basement2_weapon_approach/forward/Image0223.flo
train/Frame_Anime/agent_basement2_weapon_approach/original/Image0224.png,train/Frame_Anime/agent_basement2_weapon_approach/original/Image0225.png,train/Flow/agent_basement2_weapon_approach/forward/Image0224.flo
train/Frame_Anime/agent_basement2_weapon_approach/original/Image0225.png,train/Frame_Anime/agent_basement2_weapon_approach/original/Image0226.png,train/Flow/agent_basement2_weapon_approach/forward/Image0225.flo
train/Frame_Anime/agent_basement2_weapon_approach/original/Image0226.png,train/Frame_Anime/agent_basement2_weapon_approach/original/Image0227.png,train/Flow/agent_basement2_weapon_approach/forward/Image0226.flo
train/Frame_Anime/agent_basement2_weapon_approach/original/Image0227.png,train/Frame_Anime/agent_basement2_weapon_approach/original/Image0228.png,train/Flow/agent_basement2_weapon_approach/forward/Image0227.flo
train/Frame_Anime/agent_basement2_weapon_approach/original/Image0228.png,train/Frame_Anime/agent_basement2_weapon_approach/original/Image0229.png,train/Flow/agent_basement2_weapon_approach/forward/Image0228.flo
train/Frame_Anime/agent_basement2_weapon_approach/original/Image0229.png,train/Frame_Anime/agent_basement2_weapon_approach/original/Image0230.png,train/Flow/agent_basement2_weapon_approach/forward/Image0229.flo
train/Frame_Anime/agent_basement2_weapon_approach/original/Image0230.png,train/Frame_Anime/agent_basement2_weapon_approach/original/Image0231.png,train/Flow/agent_basement2_weapon_approach/forward/Image0230.flo
train/Frame_Anime/agent_basement2_weapon_approach/original/Image0231.png,train/Frame_Anime/agent_basement2_weapon_approach/original/Image0232.png,train/Flow/agent_basement2_weapon_approach/forward/Image0231.flo
train/Frame_Anime/agent_basement2_weapon_approach/original/Image0232.png,train/Frame_Anime/agent_basement2_weapon_approach/original/Image0233.png,train/Flow/agent_basement2_weapon_approach/forward/Image0232.flo
train/Frame_Anime/agent_basement2_weapon_approach/original/Image0233.png,train/Frame_Anime/agent_basement2_weapon_approach/original/Image0234.png,train/Flow/agent_basement2_weapon_approach/forward/Image0233.flo
train/Frame_Anime/agent_basement2_weapon_approach/original/Image0234.png,train/Frame_Anime/agent_basement2_weapon_approach/original/Image0235.png,train/Flow/agent_basement2_weapon_approach/forward/Image0234.flo
train/Frame_Anime/agent_basement2_weapon_approach/original/Image0235.png,train/Frame_Anime/agent_basement2_weapon_approach/original/Image0236.png,train/Flow/agent_basement2_weapon_approach/forward/Image0235.flo
train/Frame_Anime/agent_basement2_weapon_approach/original/Image0236.png,train/Frame_Anime/agent_basement2_weapon_approach/original/Image0237.png,train/Flow/agent_basement2_weapon_approach/forward/Image0236.flo
train/Frame_Anime/agent_basement2_weapon_approach/original/Image0237.png,train/Frame_Anime/agent_basement2_weapon_approach/original/Image0238.png,train/Flow/agent_basement2_weapon_approach/forward/Image0237.flo
train/Frame_Anime/agent_basement2_weapon_approach/original/Image0238.png,train/Frame_Anime/agent_basement2_weapon_approach/original/Image0239.png,train/Flow/agent_basement2_weapon_approach/forward/Image0238.flo
train/Frame_Anime/agent_basement2_weapon_approach/original/Image0239.png,train/Frame_Anime/agent_basement2_weapon_approach/original/Image0240.png,train/Flow/agent_basement2_weapon_approach/forward/Image0239.flo
train/Frame_Anime/agent_basement2_weapon_approach/original/Image0240.png,train/Frame_Anime/agent_basement2_weapon_approach/original/Image0241.png,train/Flow/agent_basement2_weapon_approach/forward/Image0240.flo
train/Frame_Anime/agent_basement2_weapon_approach/original/Image0241.png,train/Frame_Anime/agent_basement2_weapon_approach/original/Image0242.png,train/Flow/agent_basement2_weapon_approach/forward/Image0241.flo
train/Frame_Anime/agent_basement2_weapon_approach/original/Image0242.png,train/Frame_Anime/agent_basement2_weapon_approach/original/Image0243.png,train/Flow/agent_basement2_weapon_approach/forward/Image0242.flo
train/Frame_Anime/agent_basement2_weapon_approach/original/Image0243.png,train/Frame_Anime/agent_basement2_weapon_approach/original/Image0244.png,train/Flow/agent_basement2_weapon_approach/forward/Image0243.flo
train/Frame_Anime/agent_basement2_weapon_approach/original/Image0244.png,train/Frame_Anime/agent_basement2_weapon_approach/original/Image0245.png,train/Flow/agent_basement2_weapon_approach/forward/Image0244.flo
train/Frame_Anime/agent_basement2_weapon_approach/original/Image0245.png,train/Frame_Anime/agent_basement2_weapon_approach/original/Image0246.png,train/Flow/agent_basement2_weapon_approach/forward/Image0245.flo
train/Frame_Anime/agent_basement2_weapon_approach/original/Image0246.png,train/Frame_Anime/agent_basement2_weapon_approach/original/Image0247.png,train/Flow/agent_basement2_weapon_approach/forward/Image0246.flo
train/Frame_Anime/agent_basement2_weapon_approach/original/Image0247.png,train/Frame_Anime/agent_basement2_weapon_approach/original/Image0248.png,train/Flow/agent_basement2_weapon_approach/forward/Image0247.flo
train/Frame_Anime/agent_basement2_weapon_approach/original/Image0248.png,train/Frame_Anime/agent_basement2_weapon_approach/original/Image0249.png,train/Flow/agent_basement2_weapon_approach/forward/Image0248.flo
train/Frame_Anime/agent_indoor1_sitting/original/Image0402.png,train/Frame_Anime/agent_indoor1_sitting/original/Image0403.png,train/Flow/agent_indoor1_sitting/forward/Image0402.flo
train/Frame_Anime/agent_indoor1_sitting/original/Image0403.png,train/Frame_Anime/agent_indoor1_sitting/original/Image0404.png,train/Flow/agent_indoor1_sitting/forward/Image0403.flo
train/Frame_Anime/agent_indoor1_sitting/original/Image0404.png,train/Frame_Anime/agent_indoor1_sitting/original/Image0405.png,train/Flow/agent_indoor1_sitting/forward/Image0404.flo
train/Frame_Anime/agent_indoor1_sitting/original/Image0405.png,train/Frame_Anime/agent_indoor1_sitting/original/Image0406.png,train/Flow/agent_indoor1_sitting/forward/Image0405.flo
train/Frame_Anime/agent_indoor1_sitting/original/Image0406.png,train/Frame_Anime/agent_indoor1_sitting/original/Image0407.png,train/Flow/agent_indoor1_sitting/forward/Image0406.flo
train/Frame_Anime/agent_indoor1_sitting/original/Image0407.png,train/Frame_Anime/agent_indoor1_sitting/original/Image0408.png,train/Flow/agent_indoor1_sitting/forward/Image0407.flo
train/Frame_Anime/agent_indoor1_sitting/original/Image0408.png,train/Frame_Anime/agent_indoor1_sitting/original/Image0409.png,train/Flow/agent_indoor1_sitting/forward/Image0408.flo
train/Frame_Anime/agent_indoor1_sitting/original/Image0409.png,train/Frame_Anime/agent_indoor1_sitting/original/Image0410.png,train/Flow/agent_indoor1_sitting/forward/Image0409.flo
train/Frame_Anime/agent_indoor1_sitting/original/Image0410.png,train/Frame_Anime/agent_indoor1_sitting/original/Image0411.png,train/Flow/agent_indoor1_sitting/forward/Image0410.flo
train/Frame_Anime/agent_indoor1_sitting/original/Image0411.png,train/Frame_Anime/agent_indoor1_sitting/original/Image0412.png,train/Flow/agent_indoor1_sitting/forward/Image0411.flo
train/Frame_Anime/agent_indoor1_sitting/original/Image0412.png,train/Frame_Anime/agent_indoor1_sitting/original/Image0413.png,train/Flow/agent_indoor1_sitting/forward/Image0412.flo
train/Frame_Anime/agent_indoor1_sitting/original/Image0413.png,train/Frame_Anime/agent_indoor1_sitting/original/Image0414.png,train/Flow/agent_indoor1_sitting/forward/Image0413.flo
train/Frame_Anime/agent_indoor1_sitting/original/Image0414.png,train/Frame_Anime/agent_indoor1_sitting/original/Image0415.png,train/Flow/agent_indoor1_sitting/forward/Image0414.flo
train/Frame_Anime/agent_indoor1_sitting/original/Image0415.png,train/Frame_Anime/agent_indoor1_sitting/original/Image0416.png,train/Flow/agent_indoor1_sitting/forward/Image0415.flo
train/Frame_Anime/agent_indoor1_sitting/original/Image0416.png,train/Frame_Anime/agent_indoor1_sitting/original/Image0417.png,train/Flow/agent_indoor1_sitting/forward/Image0416.flo
train/Frame_Anime/agent_indoor1_sitting/original/Image0417.png,train/Frame_Anime/agent_indoor1_sitting/original/Image0418.png,train/Flow/agent_indoor1_sitting/forward/Image0417.flo
train/Frame_Anime/agent_indoor1_sitting/original/Image0418.png,train/Frame_Anime/agent_indoor1_sitting/original/Image0419.png,train/Flow/agent_indoor1_sitting/forward/Image0418.flo
train/Frame_Anime/agent_indoor1_sitting/original/Image0419.png,train/Frame_Anime/agent_indoor1_sitting/original/Image0420.png,train/Flow/agent_indoor1_sitting/forward/Image0419.flo
train/Frame_Anime/agent_indoor1_sitting/original/Image0420.png,train/Frame_Anime/agent_indoor1_sitting/original/Image0421.png,train/Flow/agent_indoor1_sitting/forward/Image0420.flo
train/Frame_Anime/agent_indoor1_sitting/original/Image0421.png,train/Frame_Anime/agent_indoor1_sitting/original/Image0422.png,train/Flow/agent_indoor1_sitting/forward/Image0421.flo
train/Frame_Anime/agent_indoor1_sitting/original/Image0422.png,train/Frame_Anime/agent_indoor1_sitting/original/Image0423.png,train/Flow/agent_indoor1_sitting/forward/Image0422.flo
train/Frame_Anime/agent_indoor1_sitting/original/Image0423.png,train/Frame_Anime/agent_indoor1_sitting/original/Image0424.png,train/Flow/agent_indoor1_sitting/forward/Image0423.flo
train/Frame_Anime/agent_indoor1_sitting/original/Image0424.png,train/Frame_Anime/agent_indoor1_sitting/original/Image0425.png,train/Flow/agent_indoor1_sitting/forward/Image0424.flo
train/Frame_Anime/agent_indoor1_sitting/original/Image0425.png,train/Frame_Anime/agent_indoor1_sitting/original/Image0426.png,train/Flow/agent_indoor1_sitting/forward/Image0425.flo
train/Frame_Anime/agent_indoor1_sitting/original/Image0426.png,train/Frame_Anime/agent_indoor1_sitting/original/Image0427.png,train/Flow/agent_indoor1_sitting/forward/Image0426.flo
train/Frame_Anime/agent_indoor1_sitting/original/Image0427.png,train/Frame_Anime/agent_indoor1_sitting/original/Image0428.png,train/Flow/agent_indoor1_sitting/forward/Image0427.flo
train/Frame_Anime/agent_indoor1_sitting/original/Image0428.png,train/Frame_Anime/agent_indoor1_sitting/original/Image0429.png,train/Flow/agent_indoor1_sitting/forward/Image0428.flo
train/Frame_Anime/agent_indoor1_sitting/original/Image0429.png,train/Frame_Anime/agent_indoor1_sitting/original/Image0430.png,train/Flow/agent_indoor1_sitting/forward/Image0429.flo
train/Frame_Anime/agent_indoor1_sitting/original/Image0430.png,train/Frame_Anime/agent_indoor1_sitting/original/Image0431.png,train/Flow/agent_indoor1_sitting/forward/Image0430.flo
train/Frame_Anime/agent_indoor1_sitting/original/Image0431.png,train/Frame_Anime/agent_indoor1_sitting/original/Image0432.png,train/Flow/agent_indoor1_sitting/forward/Image0431.flo
train/Frame_Anime/agent_indoor1_sitting/original/Image0432.png,train/Frame_Anime/agent_indoor1_sitting/original/Image0433.png,train/Flow/agent_indoor1_sitting/forward/Image0432.flo
train/Frame_Anime/agent_indoor1_sitting/original/Image0433.png,train/Frame_Anime/agent_indoor1_sitting/original/Image0434.png,train/Flow/agent_indoor1_sitting/forward/Image0433.flo
train/Frame_Anime/agent_indoor1_sitting/original/Image0434.png,train/Frame_Anime/agent_indoor1_sitting/original/Image0435.png,train/Flow/agent_indoor1_sitting/forward/Image0434.flo
train/Frame_Anime/agent_indoor1_sitting/original/Image0435.png,train/Frame_Anime/agent_indoor1_sitting/original/Image0436.png,train/Flow/agent_indoor1_sitting/forward/Image0435.flo
train/Frame_Anime/agent_indoor1_sitting/original/Image0436.png,train/Frame_Anime/agent_indoor1_sitting/original/Image0437.png,train/Flow/agent_indoor1_sitting/forward/Image0436.flo
train/Frame_Anime/agent_indoor1_sitting/original/Image0437.png,train/Frame_Anime/agent_indoor1_sitting/original/Image0438.png,train/Flow/agent_indoor1_sitting/forward/Image0437.flo
train/Frame_Anime/agent_indoor1_sitting/original/Image0438.png,train/Frame_Anime/agent_indoor1_sitting/original/Image0439.png,train/Flow/agent_indoor1_sitting/forward/Image0438.flo
train/Frame_Anime/agent_indoor1_sitting/original/Image0439.png,train/Frame_Anime/agent_indoor1_sitting/original/Image0440.png,train/Flow/agent_indoor1_sitting/forward/Image0439.flo
train/Frame_Anime/agent_indoor1_sitting/original/Image0440.png,train/Frame_Anime/agent_indoor1_sitting/original/Image0441.png,train/Flow/agent_indoor1_sitting/forward/Image0440.flo
train/Frame_Anime/agent_indoor1_sitting/original/Image0441.png,train/Frame_Anime/agent_indoor1_sitting/original/Image0442.png,train/Flow/agent_indoor1_sitting/forward/Image0441.flo
train/Frame_Anime/agent_indoor1_sitting/original/Image0442.png,train/Frame_Anime/agent_indoor1_sitting/original/Image0443.png,train/Flow/agent_indoor1_sitting/forward/Image0442.flo
train/Frame_Anime/agent_indoor1_sitting/original/Image0443.png,train/Frame_Anime/agent_indoor1_sitting/original/Image0444.png,train/Flow/agent_indoor1_sitting/forward/Image0443.flo
train/Frame_Anime/agent_indoor1_sitting/original/Image0444.png,train/Frame_Anime/agent_indoor1_sitting/original/Image0445.png,train/Flow/agent_indoor1_sitting/forward/Image0444.flo
train/Frame_Anime/agent_indoor1_sitting/original/Image0445.png,train/Frame_Anime/agent_indoor1_sitting/original/Image0446.png,train/Flow/agent_indoor1_sitting/forward/Image0445.flo
train/Frame_Anime/agent_indoor1_sitting/original/Image0446.png,train/Frame_Anime/agent_indoor1_sitting/original/Image0447.png,train/Flow/agent_indoor1_sitting/forward/Image0446.flo
train/Frame_Anime/agent_indoor1_sitting/original/Image0447.png,train/Frame_Anime/agent_indoor1_sitting/original/Image0448.png,train/Flow/agent_indoor1_sitting/forward/Image0447.flo
train/Frame_Anime/agent_indoor1_sitting/original/Image0448.png,train/Frame_Anime/agent_indoor1_sitting/original/Image0449.png,train/Flow/agent_indoor1_sitting/forward/Image0448.flo
train/Frame_Anime/agent_indoor1_sitting/original/Image0449.png,train/Frame_Anime/agent_indoor1_sitting/original/Image0450.png,train/Flow/agent_indoor1_sitting/forward/Image0449.flo
train/Frame_Anime/agent_indoor1_sitting/original/Image0450.png,train/Frame_Anime/agent_indoor1_sitting/original/Image0451.png,train/Flow/agent_indoor1_sitting/forward/Image0450.flo
train/Frame_Anime/agent_indoor1_sitting/original/Image0451.png,train/Frame_Anime/agent_indoor1_sitting/original/Image0452.png,train/Flow/agent_indoor1_sitting/forward/Image0451.flo
train/Frame_Anime/agent_indoor1_sitting/original/Image0452.png,train/Frame_Anime/agent_indoor1_sitting/original/Image0453.png,train/Flow/agent_indoor1_sitting/forward/Image0452.flo
train/Frame_Anime/agent_indoor1_sitting/original/Image0453.png,train/Frame_Anime/agent_indoor1_sitting/original/Image0454.png,train/Flow/agent_indoor1_sitting/forward/Image0453.flo
train/Frame_Anime/agent_indoor1_sitting/original/Image0454.png,train/Frame_Anime/agent_indoor1_sitting/original/Image0455.png,train/Flow/agent_indoor1_sitting/forward/Image0454.flo
train/Frame_Anime/agent_indoor1_sitting/original/Image0455.png,train/Frame_Anime/agent_indoor1_sitting/original/Image0456.png,train/Flow/agent_indoor1_sitting/forward/Image0455.flo
train/Frame_Anime/agent_indoor1_sitting/original/Image0456.png,train/Frame_Anime/agent_indoor1_sitting/original/Image0457.png,train/Flow/agent_indoor1_sitting/forward/Image0456.flo
train/Frame_Anime/agent_indoor1_sitting/original/Image0457.png,train/Frame_Anime/agent_indoor1_sitting/original/Image0458.png,train/Flow/agent_indoor1_sitting/forward/Image0457.flo
train/Frame_Anime/agent_indoor1_sitting/original/Image0458.png,train/Frame_Anime/agent_indoor1_sitting/original/Image0459.png,train/Flow/agent_indoor1_sitting/forward/Image0458.flo
train/Frame_Anime/agent_indoor1_sitting/original/Image0459.png,train/Frame_Anime/agent_indoor1_sitting/original/Image0460.png,train/Flow/agent_indoor1_sitting/forward/Image0459.flo
train/Frame_Anime/agent_indoor1_sitting/original/Image0460.png,train/Frame_Anime/agent_indoor1_sitting/original/Image0461.png,train/Flow/agent_indoor1_sitting/forward/Image0460.flo
train/Frame_Anime/agent_indoor1_sitting/original/Image0461.png,train/Frame_Anime/agent_indoor1_sitting/original/Image0462.png,train/Flow/agent_indoor1_sitting/forward/Image0461.flo
train/Frame_Anime/agent_indoor1_sitting/original/Image0462.png,train/Frame_Anime/agent_indoor1_sitting/original/Image0463.png,train/Flow/agent_indoor1_sitting/forward/Image0462.flo
train/Frame_Anime/agent_indoor1_sitting/original/Image0463.png,train/Frame_Anime/agent_indoor1_sitting/original/Image0464.png,train/Flow/agent_indoor1_sitting/forward/Image0463.flo
train/Frame_Anime/agent_indoor1_sitting/original/Image0464.png,train/Frame_Anime/agent_indoor1_sitting/original/Image0465.png,train/Flow/agent_indoor1_sitting/forward/Image0464.flo
train/Frame_Anime/agent_indoor1_sitting/original/Image0465.png,train/Frame_Anime/agent_indoor1_sitting/original/Image0466.png,train/Flow/agent_indoor1_sitting/forward/Image0465.flo
train/Frame_Anime/agent_indoor1_sitting/original/Image0466.png,train/Frame_Anime/agent_indoor1_sitting/original/Image0467.png,train/Flow/agent_indoor1_sitting/forward/Image0466.flo
train/Frame_Anime/agent_indoor1_sitting/original/Image0467.png,train/Frame_Anime/agent_indoor1_sitting/original/Image0468.png,train/Flow/agent_indoor1_sitting/forward/Image0467.flo
train/Frame_Anime/agent_indoor1_sitting/original/Image0468.png,train/Frame_Anime/agent_indoor1_sitting/original/Image0469.png,train/Flow/agent_indoor1_sitting/forward/Image0468.flo
train/Frame_Anime/agent_indoor1_sitting/original/Image0469.png,train/Frame_Anime/agent_indoor1_sitting/original/Image0470.png,train/Flow/agent_indoor1_sitting/forward/Image0469.flo
train/Frame_Anime/agent_indoor1_sitting/original/Image0470.png,train/Frame_Anime/agent_indoor1_sitting/original/Image0471.png,train/Flow/agent_indoor1_sitting/forward/Image0470.flo
train/Frame_Anime/agent_indoor1_sitting/original/Image0471.png,train/Frame_Anime/agent_indoor1_sitting/original/Image0472.png,train/Flow/agent_indoor1_sitting/forward/Image0471.flo
train/Frame_Anime/agent_indoor1_sitting/original/Image0472.png,train/Frame_Anime/agent_indoor1_sitting/original/Image0473.png,train/Flow/agent_indoor1_sitting/forward/Image0472.flo
train/Frame_Anime/agent_indoor1_sitting/original/Image0473.png,train/Frame_Anime/agent_indoor1_sitting/original/Image0474.png,train/Flow/agent_indoor1_sitting/forward/Image0473.flo
train/Frame_Anime/agent_indoor1_sitting/original/Image0474.png,train/Frame_Anime/agent_indoor1_sitting/original/Image0475.png,train/Flow/agent_indoor1_sitting/forward/Image0474.flo
train/Frame_Anime/agent_indoor1_sitting/original/Image0475.png,train/Frame_Anime/agent_indoor1_sitting/original/Image0476.png,train/Flow/agent_indoor1_sitting/forward/Image0475.flo
train/Frame_Anime/agent_indoor1_sitting/original/Image0476.png,train/Frame_Anime/agent_indoor1_sitting/original/Image0477.png,train/Flow/agent_indoor1_sitting/forward/Image0476.flo
train/Frame_Anime/agent_indoor1_sitting/original/Image0477.png,train/Frame_Anime/agent_indoor1_sitting/original/Image0478.png,train/Flow/agent_indoor1_sitting/forward/Image0477.flo
train/Frame_Anime/agent_indoor1_sitting/original/Image0478.png,train/Frame_Anime/agent_indoor1_sitting/original/Image0479.png,train/Flow/agent_indoor1_sitting/forward/Image0478.flo
train/Frame_Anime/agent_indoor1_sitting/original/Image0479.png,train/Frame_Anime/agent_indoor1_sitting/original/Image0480.png,train/Flow/agent_indoor1_sitting/forward/Image0479.flo
train/Frame_Anime/agent_indoor1_sitting/original/Image0480.png,train/Frame_Anime/agent_indoor1_sitting/original/Image0481.png,train/Flow/agent_indoor1_sitting/forward/Image0480.flo
train/Frame_Anime/agent_indoor1_sitting/original/Image0481.png,train/Frame_Anime/agent_indoor1_sitting/original/Image0482.png,train/Flow/agent_indoor1_sitting/forward/Image0481.flo
train/Frame_Anime/agent_indoor1_sitting/original/Image0482.png,train/Frame_Anime/agent_indoor1_sitting/original/Image0483.png,train/Flow/agent_indoor1_sitting/forward/Image0482.flo
train/Frame_Anime/agent_indoor1_sitting/original/Image0483.png,train/Frame_Anime/agent_indoor1_sitting/original/Image0484.png,train/Flow/agent_indoor1_sitting/forward/Image0483.flo
train/Frame_Anime/agent_indoor1_sitting/original/Image0484.png,train/Frame_Anime/agent_indoor1_sitting/original/Image0485.png,train/Flow/agent_indoor1_sitting/forward/Image0484.flo
train/Frame_Anime/agent_indoor1_sitting/original/Image0485.png,train/Frame_Anime/agent_indoor1_sitting/original/Image0486.png,train/Flow/agent_indoor1_sitting/forward/Image0485.flo
train/Frame_Anime/agent_indoor1_sitting/original/Image0486.png,train/Frame_Anime/agent_indoor1_sitting/original/Image0487.png,train/Flow/agent_indoor1_sitting/forward/Image0486.flo
train/Frame_Anime/agent_indoor1_sitting/original/Image0487.png,train/Frame_Anime/agent_indoor1_sitting/original/Image0488.png,train/Flow/agent_indoor1_sitting/forward/Image0487.flo
train/Frame_Anime/agent_indoor1_sitting/original/Image0488.png,train/Frame_Anime/agent_indoor1_sitting/original/Image0489.png,train/Flow/agent_indoor1_sitting/forward/Image0488.flo
train/Frame_Anime/agent_indoor1_sitting/original/Image0489.png,train/Frame_Anime/agent_indoor1_sitting/original/Image0490.png,train/Flow/agent_indoor1_sitting/forward/Image0489.flo
train/Frame_Anime/agent_indoor1_sitting/original/Image0490.png,train/Frame_Anime/agent_indoor1_sitting/original/Image0491.png,train/Flow/agent_indoor1_sitting/forward/Image0490.flo
train/Frame_Anime/agent_indoor1_sitting/original/Image0491.png,train/Frame_Anime/agent_indoor1_sitting/original/Image0492.png,train/Flow/agent_indoor1_sitting/forward/Image0491.flo
train/Frame_Anime/agent_indoor1_sitting/original/Image0492.png,train/Frame_Anime/agent_indoor1_sitting/original/Image0493.png,train/Flow/agent_indoor1_sitting/forward/Image0492.flo
train/Frame_Anime/agent_indoor1_sitting/original/Image0493.png,train/Frame_Anime/agent_indoor1_sitting/original/Image0494.png,train/Flow/agent_indoor1_sitting/forward/Image0493.flo
train/Frame_Anime/agent_indoor1_sitting/original/Image0494.png,train/Frame_Anime/agent_indoor1_sitting/original/Image0495.png,train/Flow/agent_indoor1_sitting/forward/Image0494.flo
train/Frame_Anime/agent_indoor1_sitting/original/Image0495.png,train/Frame_Anime/agent_indoor1_sitting/original/Image0496.png,train/Flow/agent_indoor1_sitting/forward/Image0495.flo
train/Frame_Anime/agent_indoor1_sitting/original/Image0496.png,train/Frame_Anime/agent_indoor1_sitting/original/Image0497.png,train/Flow/agent_indoor1_sitting/forward/Image0496.flo
train/Frame_Anime/agent_indoor1_sitting/original/Image0497.png,train/Frame_Anime/agent_indoor1_sitting/original/Image0498.png,train/Flow/agent_indoor1_sitting/forward/Image0497.flo
train/Frame_Anime/agent_indoor1_sitting/original/Image0498.png,train/Frame_Anime/agent_indoor1_sitting/original/Image0499.png,train/Flow/agent_indoor1_sitting/forward/Image0498.flo
train/Frame_Anime/agent_indoor1_sitting/original/Image0499.png,train/Frame_Anime/agent_indoor1_sitting/original/Image0500.png,train/Flow/agent_indoor1_sitting/forward/Image0499.flo
train/Frame_Anime/agent_indoor1_sitting/original/Image0500.png,train/Frame_Anime/agent_indoor1_sitting/original/Image0501.png,train/Flow/agent_indoor1_sitting/forward/Image0500.flo
train/Frame_Anime/agent_indoor1_sitting/original/Image0501.png,train/Frame_Anime/agent_indoor1_sitting/original/Image0502.png,train/Flow/agent_indoor1_sitting/forward/Image0501.flo
train/Frame_Anime/agent_indoor1_sitting/original/Image0502.png,train/Frame_Anime/agent_indoor1_sitting/original/Image0503.png,train/Flow/agent_indoor1_sitting/forward/Image0502.flo
train/Frame_Anime/agent_indoor1_sitting/original/Image0503.png,train/Frame_Anime/agent_indoor1_sitting/original/Image0504.png,train/Flow/agent_indoor1_sitting/forward/Image0503.flo
train/Frame_Anime/agent_indoor1_sitting/original/Image0504.png,train/Frame_Anime/agent_indoor1_sitting/original/Image0505.png,train/Flow/agent_indoor1_sitting/forward/Image0504.flo
train/Frame_Anime/agent_indoor1_sitting/original/Image0505.png,train/Frame_Anime/agent_indoor1_sitting/original/Image0506.png,train/Flow/agent_indoor1_sitting/forward/Image0505.flo
train/Frame_Anime/agent_indoor1_sitting/original/Image0506.png,train/Frame_Anime/agent_indoor1_sitting/original/Image0507.png,train/Flow/agent_indoor1_sitting/forward/Image0506.flo
train/Frame_Anime/agent_indoor1_sitting/original/Image0507.png,train/Frame_Anime/agent_indoor1_sitting/original/Image0508.png,train/Flow/agent_indoor1_sitting/forward/Image0507.flo
train/Frame_Anime/agent_indoor1_sitting/original/Image0508.png,train/Frame_Anime/agent_indoor1_sitting/original/Image0509.png,train/Flow/agent_indoor1_sitting/forward/Image0508.flo
train/Frame_Anime/agent_indoor1_sitting/original/Image0509.png,train/Frame_Anime/agent_indoor1_sitting/original/Image0510.png,train/Flow/agent_indoor1_sitting/forward/Image0509.flo
train/Frame_Anime/agent_indoor1_sitting/original/Image0510.png,train/Frame_Anime/agent_indoor1_sitting/original/Image0511.png,train/Flow/agent_indoor1_sitting/forward/Image0510.flo
train/Frame_Anime/agent_indoor1_sitting/original/Image0511.png,train/Frame_Anime/agent_indoor1_sitting/original/Image0512.png,train/Flow/agent_indoor1_sitting/forward/Image0511.flo
train/Frame_Anime/agent_indoor1_sitting/original/Image0512.png,train/Frame_Anime/agent_indoor1_sitting/original/Image0513.png,train/Flow/agent_indoor1_sitting/forward/Image0512.flo
train/Frame_Anime/agent_indoor1_sitting/original/Image0513.png,train/Frame_Anime/agent_indoor1_sitting/original/Image0514.png,train/Flow/agent_indoor1_sitting/forward/Image0513.flo
train/Frame_Anime/agent_indoor1_sitting/original/Image0514.png,train/Frame_Anime/agent_indoor1_sitting/original/Image0515.png,train/Flow/agent_indoor1_sitting/forward/Image0514.flo
train/Frame_Anime/agent_indoor1_sitting/original/Image0515.png,train/Frame_Anime/agent_indoor1_sitting/original/Image0516.png,train/Flow/agent_indoor1_sitting/forward/Image0515.flo
train/Frame_Anime/agent_indoor1_sitting/original/Image0516.png,train/Frame_Anime/agent_indoor1_sitting/original/Image0517.png,train/Flow/agent_indoor1_sitting/forward/Image0516.flo
train/Frame_Anime/agent_indoor1_sitting/original/Image0517.png,train/Frame_Anime/agent_indoor1_sitting/original/Image0518.png,train/Flow/agent_indoor1_sitting/forward/Image0517.flo
train/Frame_Anime/agent_indoor1_sitting/original/Image0518.png,train/Frame_Anime/agent_indoor1_sitting/original/Image0519.png,train/Flow/agent_indoor1_sitting/forward/Image0518.flo
train/Frame_Anime/agent_indoor1_sitting/original/Image0519.png,train/Frame_Anime/agent_indoor1_sitting/original/Image0520.png,train/Flow/agent_indoor1_sitting/forward/Image0519.flo
train/Frame_Anime/agent_indoor1_sitting/original/Image0520.png,train/Frame_Anime/agent_indoor1_sitting/original/Image0521.png,train/Flow/agent_indoor1_sitting/forward/Image0520.flo
train/Frame_Anime/agent_indoor1_sitting/original/Image0521.png,train/Frame_Anime/agent_indoor1_sitting/original/Image0522.png,train/Flow/agent_indoor1_sitting/forward/Image0521.flo
train/Frame_Anime/agent_indoor1_sitting/original/Image0522.png,train/Frame_Anime/agent_indoor1_sitting/original/Image0523.png,train/Flow/agent_indoor1_sitting/forward/Image0522.flo
train/Frame_Anime/agent_indoor1_sitting/original/Image0523.png,train/Frame_Anime/agent_indoor1_sitting/original/Image0524.png,train/Flow/agent_indoor1_sitting/forward/Image0523.flo
train/Frame_Anime/agent_indoor1_sitting/original/Image0524.png,train/Frame_Anime/agent_indoor1_sitting/original/Image0525.png,train/Flow/agent_indoor1_sitting/forward/Image0524.flo
train/Frame_Anime/agent_indoor1_sitting/original/Image0525.png,train/Frame_Anime/agent_indoor1_sitting/original/Image0526.png,train/Flow/agent_indoor1_sitting/forward/Image0525.flo
train/Frame_Anime/agent_indoor1_sitting/original/Image0526.png,train/Frame_Anime/agent_indoor1_sitting/original/Image0527.png,train/Flow/agent_indoor1_sitting/forward/Image0526.flo
train/Frame_Anime/agent_indoor1_sitting/original/Image0527.png,train/Frame_Anime/agent_indoor1_sitting/original/Image0528.png,train/Flow/agent_indoor1_sitting/forward/Image0527.flo
train/Frame_Anime/agent_indoor1_sitting/original/Image0528.png,train/Frame_Anime/agent_indoor1_sitting/original/Image0529.png,train/Flow/agent_indoor1_sitting/forward/Image0528.flo
train/Frame_Anime/agent_indoor1_sitting/original/Image0529.png,train/Frame_Anime/agent_indoor1_sitting/original/Image0530.png,train/Flow/agent_indoor1_sitting/forward/Image0529.flo
train/Frame_Anime/agent_indoor1_sitting/original/Image0530.png,train/Frame_Anime/agent_indoor1_sitting/original/Image0531.png,train/Flow/agent_indoor1_sitting/forward/Image0530.flo
train/Frame_Anime/agent_indoor1_sitting/original/Image0531.png,train/Frame_Anime/agent_indoor1_sitting/original/Image0532.png,train/Flow/agent_indoor1_sitting/forward/Image0531.flo
train/Frame_Anime/agent_indoor1_sitting/original/Image0532.png,train/Frame_Anime/agent_indoor1_sitting/original/Image0533.png,train/Flow/agent_indoor1_sitting/forward/Image0532.flo
train/Frame_Anime/agent_indoor1_sitting/original/Image0533.png,train/Frame_Anime/agent_indoor1_sitting/original/Image0534.png,train/Flow/agent_indoor1_sitting/forward/Image0533.flo
train/Frame_Anime/agent_indoor1_sitting/original/Image0534.png,train/Frame_Anime/agent_indoor1_sitting/original/Image0535.png,train/Flow/agent_indoor1_sitting/forward/Image0534.flo
train/Frame_Anime/agent_indoor1_sitting/original/Image0535.png,train/Frame_Anime/agent_indoor1_sitting/original/Image0536.png,train/Flow/agent_indoor1_sitting/forward/Image0535.flo
train/Frame_Anime/agent_indoor1_sitting/original/Image0536.png,train/Frame_Anime/agent_indoor1_sitting/original/Image0537.png,train/Flow/agent_indoor1_sitting/forward/Image0536.flo
train/Frame_Anime/agent_indoor1_sitting/original/Image0537.png,train/Frame_Anime/agent_indoor1_sitting/original/Image0538.png,train/Flow/agent_indoor1_sitting/forward/Image0537.flo
train/Frame_Anime/agent_indoor1_sitting/original/Image0538.png,train/Frame_Anime/agent_indoor1_sitting/original/Image0539.png,train/Flow/agent_indoor1_sitting/forward/Image0538.flo
train/Frame_Anime/agent_indoor1_sitting/original/Image0539.png,train/Frame_Anime/agent_indoor1_sitting/original/Image0540.png,train/Flow/agent_indoor1_sitting/forward/Image0539.flo
train/Frame_Anime/agent_indoor1_sitting/original/Image0540.png,train/Frame_Anime/agent_indoor1_sitting/original/Image0541.png,train/Flow/agent_indoor1_sitting/forward/Image0540.flo
train/Frame_Anime/agent_indoor1_sitting/original/Image0541.png,train/Frame_Anime/agent_indoor1_sitting/original/Image0542.png,train/Flow/agent_indoor1_sitting/forward/Image0541.flo
train/Frame_Anime/agent_indoor1_sitting/original/Image0542.png,train/Frame_Anime/agent_indoor1_sitting/original/Image0543.png,train/Flow/agent_indoor1_sitting/forward/Image0542.flo
train/Frame_Anime/agent_indoor1_sitting/original/Image0543.png,train/Frame_Anime/agent_indoor1_sitting/original/Image0544.png,train/Flow/agent_indoor1_sitting/forward/Image0543.flo
train/Frame_Anime/agent_indoor1_sitting/original/Image0544.png,train/Frame_Anime/agent_indoor1_sitting/original/Image0545.png,train/Flow/agent_indoor1_sitting/forward/Image0544.flo
train/Frame_Anime/agent_indoor1_sitting/original/Image0545.png,train/Frame_Anime/agent_indoor1_sitting/original/Image0546.png,train/Flow/agent_indoor1_sitting/forward/Image0545.flo
train/Frame_Anime/agent_indoor1_sitting/original/Image0546.png,train/Frame_Anime/agent_indoor1_sitting/original/Image0547.png,train/Flow/agent_indoor1_sitting/forward/Image0546.flo
train/Frame_Anime/agent_indoor1_sitting/original/Image0547.png,train/Frame_Anime/agent_indoor1_sitting/original/Image0548.png,train/Flow/agent_indoor1_sitting/forward/Image0547.flo
train/Frame_Anime/agent_indoor1_sitting/original/Image0548.png,train/Frame_Anime/agent_indoor1_sitting/original/Image0549.png,train/Flow/agent_indoor1_sitting/forward/Image0548.flo
train/Frame_Anime/agent_indoor1_sitting/original/Image0549.png,train/Frame_Anime/agent_indoor1_sitting/original/Image0550.png,train/Flow/agent_indoor1_sitting/forward/Image0549.flo
train/Frame_Anime/agent_indoor1_sitting/original/Image0550.png,train/Frame_Anime/agent_indoor1_sitting/original/Image0551.png,train/Flow/agent_indoor1_sitting/forward/Image0550.flo
train/Frame_Anime/agent_indoor1_sitting/original/Image0551.png,train/Frame_Anime/agent_indoor1_sitting/original/Image0552.png,train/Flow/agent_indoor1_sitting/forward/Image0551.flo
train/Frame_Anime/agent_indoor1_sitting/original/Image0552.png,train/Frame_Anime/agent_indoor1_sitting/original/Image0553.png,train/Flow/agent_indoor1_sitting/forward/Image0552.flo
train/Frame_Anime/agent_indoor1_sitting/original/Image0553.png,train/Frame_Anime/agent_indoor1_sitting/original/Image0554.png,train/Flow/agent_indoor1_sitting/forward/Image0553.flo
train/Frame_Anime/agent_indoor1_sitting/original/Image0554.png,train/Frame_Anime/agent_indoor1_sitting/original/Image0555.png,train/Flow/agent_indoor1_sitting/forward/Image0554.flo
train/Frame_Anime/agent_indoor1_sitting/original/Image0555.png,train/Frame_Anime/agent_indoor1_sitting/original/Image0556.png,train/Flow/agent_indoor1_sitting/forward/Image0555.flo
train/Frame_Anime/agent_indoor1_sitting/original/Image0556.png,train/Frame_Anime/agent_indoor1_sitting/original/Image0557.png,train/Flow/agent_indoor1_sitting/forward/Image0556.flo
train/Frame_Anime/agent_indoor1_sitting/original/Image0557.png,train/Frame_Anime/agent_indoor1_sitting/original/Image0558.png,train/Flow/agent_indoor1_sitting/forward/Image0557.flo
train/Frame_Anime/agent_indoor1_sitting/original/Image0558.png,train/Frame_Anime/agent_indoor1_sitting/original/Image0559.png,train/Flow/agent_indoor1_sitting/forward/Image0558.flo
train/Frame_Anime/agent_indoor1_sitting/original/Image0559.png,train/Frame_Anime/agent_indoor1_sitting/original/Image0560.png,train/Flow/agent_indoor1_sitting/forward/Image0559.flo
train/Frame_Anime/agent_indoor1_sitting/original/Image0560.png,train/Frame_Anime/agent_indoor1_sitting/original/Image0561.png,train/Flow/agent_indoor1_sitting/forward/Image0560.flo
train/Frame_Anime/agent_indoor1_sitting/original/Image0561.png,train/Frame_Anime/agent_indoor1_sitting/original/Image0562.png,train/Flow/agent_indoor1_sitting/forward/Image0561.flo
train/Frame_Anime/agent_indoor1_sitting/original/Image0562.png,train/Frame_Anime/agent_indoor1_sitting/original/Image0563.png,train/Flow/agent_indoor1_sitting/forward/Image0562.flo
train/Frame_Anime/agent_indoor1_sitting/original/Image0563.png,train/Frame_Anime/agent_indoor1_sitting/original/Image0564.png,train/Flow/agent_indoor1_sitting/forward/Image0563.flo
train/Frame_Anime/agent_indoor1_sitting/original/Image0564.png,train/Frame_Anime/agent_indoor1_sitting/original/Image0565.png,train/Flow/agent_indoor1_sitting/forward/Image0564.flo
train/Frame_Anime/agent_indoor1_sitting/original/Image0565.png,train/Frame_Anime/agent_indoor1_sitting/original/Image0566.png,train/Flow/agent_indoor1_sitting/forward/Image0565.flo
train/Frame_Anime/agent_indoor1_sitting/original/Image0566.png,train/Frame_Anime/agent_indoor1_sitting/original/Image0567.png,train/Flow/agent_indoor1_sitting/forward/Image0566.flo
train/Frame_Anime/agent_indoor1_sitting/original/Image0567.png,train/Frame_Anime/agent_indoor1_sitting/original/Image0568.png,train/Flow/agent_indoor1_sitting/forward/Image0567.flo
train/Frame_Anime/agent_indoor1_sitting/original/Image0568.png,train/Frame_Anime/agent_indoor1_sitting/original/Image0569.png,train/Flow/agent_indoor1_sitting/forward/Image0568.flo
train/Frame_Anime/agent_indoor1_sitting/original/Image0569.png,train/Frame_Anime/agent_indoor1_sitting/original/Image0570.png,train/Flow/agent_indoor1_sitting/forward/Image0569.flo
train/Frame_Anime/agent_indoor1_sitting/original/Image0570.png,train/Frame_Anime/agent_indoor1_sitting/original/Image0571.png,train/Flow/agent_indoor1_sitting/forward/Image0570.flo
train/Frame_Anime/agent_indoor1_sitting/original/Image0571.png,train/Frame_Anime/agent_indoor1_sitting/original/Image0572.png,train/Flow/agent_indoor1_sitting/forward/Image0571.flo
train/Frame_Anime/agent_indoor1_sitting/original/Image0572.png,train/Frame_Anime/agent_indoor1_sitting/original/Image0573.png,train/Flow/agent_indoor1_sitting/forward/Image0572.flo
train/Frame_Anime/agent_indoor1_sitting/original/Image0573.png,train/Frame_Anime/agent_indoor1_sitting/original/Image0574.png,train/Flow/agent_indoor1_sitting/forward/Image0573.flo
train/Frame_Anime/agent_indoor1_sitting/original/Image0574.png,train/Frame_Anime/agent_indoor1_sitting/original/Image0575.png,train/Flow/agent_indoor1_sitting/forward/Image0574.flo
train/Frame_Anime/agent_indoor1_sitting/original/Image0575.png,train/Frame_Anime/agent_indoor1_sitting/original/Image0576.png,train/Flow/agent_indoor1_sitting/forward/Image0575.flo
train/Frame_Anime/agent_indoor1_sitting/original/Image0576.png,train/Frame_Anime/agent_indoor1_sitting/original/Image0577.png,train/Flow/agent_indoor1_sitting/forward/Image0576.flo
train/Frame_Anime/agent_indoor1_sitting/original/Image0577.png,train/Frame_Anime/agent_indoor1_sitting/original/Image0578.png,train/Flow/agent_indoor1_sitting/forward/Image0577.flo
train/Frame_Anime/agent_indoor1_sitting/original/Image0578.png,train/Frame_Anime/agent_indoor1_sitting/original/Image0579.png,train/Flow/agent_indoor1_sitting/forward/Image0578.flo
train/Frame_Anime/agent_indoor1_sitting/original/Image0579.png,train/Frame_Anime/agent_indoor1_sitting/original/Image0580.png,train/Flow/agent_indoor1_sitting/forward/Image0579.flo
train/Frame_Anime/agent_indoor3_headbutt/original/Image0058.png,train/Frame_Anime/agent_indoor3_headbutt/original/Image0059.png,train/Flow/agent_indoor3_headbutt/forward/Image0058.flo
train/Frame_Anime/agent_indoor3_headbutt/original/Image0059.png,train/Frame_Anime/agent_indoor3_headbutt/original/Image0060.png,train/Flow/agent_indoor3_headbutt/forward/Image0059.flo
train/Frame_Anime/agent_indoor3_headbutt/original/Image0060.png,train/Frame_Anime/agent_indoor3_headbutt/original/Image0061.png,train/Flow/agent_indoor3_headbutt/forward/Image0060.flo
train/Frame_Anime/agent_indoor3_headbutt/original/Image0061.png,train/Frame_Anime/agent_indoor3_headbutt/original/Image0062.png,train/Flow/agent_indoor3_headbutt/forward/Image0061.flo
train/Frame_Anime/agent_indoor3_headbutt/original/Image0062.png,train/Frame_Anime/agent_indoor3_headbutt/original/Image0063.png,train/Flow/agent_indoor3_headbutt/forward/Image0062.flo
train/Frame_Anime/agent_indoor3_headbutt/original/Image0063.png,train/Frame_Anime/agent_indoor3_headbutt/original/Image0064.png,train/Flow/agent_indoor3_headbutt/forward/Image0063.flo
train/Frame_Anime/agent_indoor3_headbutt/original/Image0064.png,train/Frame_Anime/agent_indoor3_headbutt/original/Image0065.png,train/Flow/agent_indoor3_headbutt/forward/Image0064.flo
train/Frame_Anime/agent_indoor3_headbutt/original/Image0065.png,train/Frame_Anime/agent_indoor3_headbutt/original/Image0066.png,train/Flow/agent_indoor3_headbutt/forward/Image0065.flo
train/Frame_Anime/agent_indoor3_headbutt/original/Image0066.png,train/Frame_Anime/agent_indoor3_headbutt/original/Image0067.png,train/Flow/agent_indoor3_headbutt/forward/Image0066.flo
train/Frame_Anime/agent_indoor3_headbutt/original/Image0067.png,train/Frame_Anime/agent_indoor3_headbutt/original/Image0068.png,train/Flow/agent_indoor3_headbutt/forward/Image0067.flo
train/Frame_Anime/agent_indoor3_headbutt/original/Image0068.png,train/Frame_Anime/agent_indoor3_headbutt/original/Image0069.png,train/Flow/agent_indoor3_headbutt/forward/Image0068.flo
train/Frame_Anime/agent_indoor3_headbutt/original/Image0069.png,train/Frame_Anime/agent_indoor3_headbutt/original/Image0070.png,train/Flow/agent_indoor3_headbutt/forward/Image0069.flo
train/Frame_Anime/agent_indoor3_headbutt/original/Image0070.png,train/Frame_Anime/agent_indoor3_headbutt/original/Image0071.png,train/Flow/agent_indoor3_headbutt/forward/Image0070.flo
train/Frame_Anime/agent_indoor3_headbutt/original/Image0071.png,train/Frame_Anime/agent_indoor3_headbutt/original/Image0072.png,train/Flow/agent_indoor3_headbutt/forward/Image0071.flo
train/Frame_Anime/agent_indoor3_headbutt/original/Image0072.png,train/Frame_Anime/agent_indoor3_headbutt/original/Image0073.png,train/Flow/agent_indoor3_headbutt/forward/Image0072.flo
train/Frame_Anime/agent_indoor3_headbutt/original/Image0073.png,train/Frame_Anime/agent_indoor3_headbutt/original/Image0074.png,train/Flow/agent_indoor3_headbutt/forward/Image0073.flo
train/Frame_Anime/agent_indoor3_headbutt/original/Image0074.png,train/Frame_Anime/agent_indoor3_headbutt/original/Image0075.png,train/Flow/agent_indoor3_headbutt/forward/Image0074.flo
train/Frame_Anime/agent_indoor3_headbutt/original/Image0075.png,train/Frame_Anime/agent_indoor3_headbutt/original/Image0076.png,train/Flow/agent_indoor3_headbutt/forward/Image0075.flo
train/Frame_Anime/agent_indoor3_headbutt/original/Image0076.png,train/Frame_Anime/agent_indoor3_headbutt/original/Image0077.png,train/Flow/agent_indoor3_headbutt/forward/Image0076.flo
train/Frame_Anime/agent_indoor3_headbutt/original/Image0077.png,train/Frame_Anime/agent_indoor3_headbutt/original/Image0078.png,train/Flow/agent_indoor3_headbutt/forward/Image0077.flo
train/Frame_Anime/agent_indoor3_headbutt/original/Image0078.png,train/Frame_Anime/agent_indoor3_headbutt/original/Image0079.png,train/Flow/agent_indoor3_headbutt/forward/Image0078.flo
train/Frame_Anime/agent_indoor3_headbutt/original/Image0079.png,train/Frame_Anime/agent_indoor3_headbutt/original/Image0080.png,train/Flow/agent_indoor3_headbutt/forward/Image0079.flo
train/Frame_Anime/agent_indoor3_headbutt/original/Image0080.png,train/Frame_Anime/agent_indoor3_headbutt/original/Image0081.png,train/Flow/agent_indoor3_headbutt/forward/Image0080.flo
train/Frame_Anime/agent_indoor3_headbutt/original/Image0081.png,train/Frame_Anime/agent_indoor3_headbutt/original/Image0082.png,train/Flow/agent_indoor3_headbutt/forward/Image0081.flo
train/Frame_Anime/agent_indoor3_headbutt/original/Image0082.png,train/Frame_Anime/agent_indoor3_headbutt/original/Image0083.png,train/Flow/agent_indoor3_headbutt/forward/Image0082.flo
train/Frame_Anime/agent_indoor3_headbutt/original/Image0083.png,train/Frame_Anime/agent_indoor3_headbutt/original/Image0084.png,train/Flow/agent_indoor3_headbutt/forward/Image0083.flo
train/Frame_Anime/agent_indoor3_headbutt/original/Image0084.png,train/Frame_Anime/agent_indoor3_headbutt/original/Image0085.png,train/Flow/agent_indoor3_headbutt/forward/Image0084.flo
train/Frame_Anime/agent_indoor3_headbutt/original/Image0085.png,train/Frame_Anime/agent_indoor3_headbutt/original/Image0086.png,train/Flow/agent_indoor3_headbutt/forward/Image0085.flo
train/Frame_Anime/agent_indoor3_headbutt/original/Image0086.png,train/Frame_Anime/agent_indoor3_headbutt/original/Image0087.png,train/Flow/agent_indoor3_headbutt/forward/Image0086.flo
train/Frame_Anime/agent_indoor3_headbutt/original/Image0087.png,train/Frame_Anime/agent_indoor3_headbutt/original/Image0088.png,train/Flow/agent_indoor3_headbutt/forward/Image0087.flo
train/Frame_Anime/agent_indoor3_headbutt/original/Image0088.png,train/Frame_Anime/agent_indoor3_headbutt/original/Image0089.png,train/Flow/agent_indoor3_headbutt/forward/Image0088.flo
train/Frame_Anime/agent_indoor3_headbutt/original/Image0089.png,train/Frame_Anime/agent_indoor3_headbutt/original/Image0090.png,train/Flow/agent_indoor3_headbutt/forward/Image0089.flo
train/Frame_Anime/agent_indoor3_headbutt/original/Image0090.png,train/Frame_Anime/agent_indoor3_headbutt/original/Image0091.png,train/Flow/agent_indoor3_headbutt/forward/Image0090.flo
train/Frame_Anime/agent_indoor3_headbutt/original/Image0091.png,train/Frame_Anime/agent_indoor3_headbutt/original/Image0092.png,train/Flow/agent_indoor3_headbutt/forward/Image0091.flo
train/Frame_Anime/agent_indoor3_headbutt/original/Image0092.png,train/Frame_Anime/agent_indoor3_headbutt/original/Image0093.png,train/Flow/agent_indoor3_headbutt/forward/Image0092.flo
train/Frame_Anime/agent_indoor3_headbutt/original/Image0093.png,train/Frame_Anime/agent_indoor3_headbutt/original/Image0094.png,train/Flow/agent_indoor3_headbutt/forward/Image0093.flo
train/Frame_Anime/agent_indoor3_headbutt/original/Image0094.png,train/Frame_Anime/agent_indoor3_headbutt/original/Image0095.png,train/Flow/agent_indoor3_headbutt/forward/Image0094.flo
train/Frame_Anime/agent_indoor3_headbutt/original/Image0095.png,train/Frame_Anime/agent_indoor3_headbutt/original/Image0096.png,train/Flow/agent_indoor3_headbutt/forward/Image0095.flo
train/Frame_Anime/agent_indoor3_headbutt/original/Image0096.png,train/Frame_Anime/agent_indoor3_headbutt/original/Image0097.png,train/Flow/agent_indoor3_headbutt/forward/Image0096.flo
train/Frame_Anime/agent_indoor3_headbutt/original/Image0097.png,train/Frame_Anime/agent_indoor3_headbutt/original/Image0098.png,train/Flow/agent_indoor3_headbutt/forward/Image0097.flo
train/Frame_Anime/agent_indoor3_headbutt/original/Image0098.png,train/Frame_Anime/agent_indoor3_headbutt/original/Image0099.png,train/Flow/agent_indoor3_headbutt/forward/Image0098.flo
train/Frame_Anime/agent_indoor3_headbutt/original/Image0099.png,train/Frame_Anime/agent_indoor3_headbutt/original/Image0100.png,train/Flow/agent_indoor3_headbutt/forward/Image0099.flo
train/Frame_Anime/agent_indoor3_headbutt/original/Image0100.png,train/Frame_Anime/agent_indoor3_headbutt/original/Image0101.png,train/Flow/agent_indoor3_headbutt/forward/Image0100.flo
train/Frame_Anime/agent_indoor3_headbutt/original/Image0101.png,train/Frame_Anime/agent_indoor3_headbutt/original/Image0102.png,train/Flow/agent_indoor3_headbutt/forward/Image0101.flo
train/Frame_Anime/agent_indoor3_headbutt/original/Image0102.png,train/Frame_Anime/agent_indoor3_headbutt/original/Image0103.png,train/Flow/agent_indoor3_headbutt/forward/Image0102.flo
train/Frame_Anime/agent_indoor3_headbutt/original/Image0103.png,train/Frame_Anime/agent_indoor3_headbutt/original/Image0104.png,train/Flow/agent_indoor3_headbutt/forward/Image0103.flo
train/Frame_Anime/agent_indoor3_headbutt/original/Image0104.png,train/Frame_Anime/agent_indoor3_headbutt/original/Image0105.png,train/Flow/agent_indoor3_headbutt/forward/Image0104.flo
train/Frame_Anime/agent_indoor3_headbutt/original/Image0105.png,train/Frame_Anime/agent_indoor3_headbutt/original/Image0106.png,train/Flow/agent_indoor3_headbutt/forward/Image0105.flo
train/Frame_Anime/agent_indoor3_headbutt/original/Image0106.png,train/Frame_Anime/agent_indoor3_headbutt/original/Image0107.png,train/Flow/agent_indoor3_headbutt/forward/Image0106.flo
train/Frame_Anime/agent_indoor3_headbutt/original/Image0107.png,train/Frame_Anime/agent_indoor3_headbutt/original/Image0108.png,train/Flow/agent_indoor3_headbutt/forward/Image0107.flo
train/Frame_Anime/agent_indoor3_headbutt/original/Image0108.png,train/Frame_Anime/agent_indoor3_headbutt/original/Image0109.png,train/Flow/agent_indoor3_headbutt/forward/Image0108.flo
train/Frame_Anime/agent_indoor3_headbutt/original/Image0109.png,train/Frame_Anime/agent_indoor3_headbutt/original/Image0110.png,train/Flow/agent_indoor3_headbutt/forward/Image0109.flo
train/Frame_Anime/agent_indoor3_headbutt/original/Image0110.png,train/Frame_Anime/agent_indoor3_headbutt/original/Image0111.png,train/Flow/agent_indoor3_headbutt/forward/Image0110.flo
train/Frame_Anime/agent_indoor3_headbutt/original/Image0111.png,train/Frame_Anime/agent_indoor3_headbutt/original/Image0112.png,train/Flow/agent_indoor3_headbutt/forward/Image0111.flo
train/Frame_Anime/agent_indoor3_headbutt/original/Image0112.png,train/Frame_Anime/agent_indoor3_headbutt/original/Image0113.png,train/Flow/agent_indoor3_headbutt/forward/Image0112.flo
train/Frame_Anime/agent_indoor3_headbutt/original/Image0113.png,train/Frame_Anime/agent_indoor3_headbutt/original/Image0114.png,train/Flow/agent_indoor3_headbutt/forward/Image0113.flo
train/Frame_Anime/agent_indoor3_headbutt/original/Image0114.png,train/Frame_Anime/agent_indoor3_headbutt/original/Image0115.png,train/Flow/agent_indoor3_headbutt/forward/Image0114.flo
train/Frame_Anime/agent_indoor3_headbutt/original/Image0115.png,train/Frame_Anime/agent_indoor3_headbutt/original/Image0116.png,train/Flow/agent_indoor3_headbutt/forward/Image0115.flo
train/Frame_Anime/agent_indoor3_headbutt/original/Image0116.png,train/Frame_Anime/agent_indoor3_headbutt/original/Image0117.png,train/Flow/agent_indoor3_headbutt/forward/Image0116.flo
train/Frame_Anime/agent_indoor3_headbutt/original/Image0117.png,train/Frame_Anime/agent_indoor3_headbutt/original/Image0118.png,train/Flow/agent_indoor3_headbutt/forward/Image0117.flo
train/Frame_Anime/agent_indoor3_headbutt/original/Image0118.png,train/Frame_Anime/agent_indoor3_headbutt/original/Image0119.png,train/Flow/agent_indoor3_headbutt/forward/Image0118.flo
train/Frame_Anime/agent_indoor3_headbutt/original/Image0119.png,train/Frame_Anime/agent_indoor3_headbutt/original/Image0120.png,train/Flow/agent_indoor3_headbutt/forward/Image0119.flo
train/Frame_Anime/agent_indoor3_headbutt/original/Image0120.png,train/Frame_Anime/agent_indoor3_headbutt/original/Image0121.png,train/Flow/agent_indoor3_headbutt/forward/Image0120.flo
train/Frame_Anime/agent_indoor3_headbutt/original/Image0121.png,train/Frame_Anime/agent_indoor3_headbutt/original/Image0122.png,train/Flow/agent_indoor3_headbutt/forward/Image0121.flo
train/Frame_Anime/agent_indoor3_headbutt/original/Image0122.png,train/Frame_Anime/agent_indoor3_headbutt/original/Image0123.png,train/Flow/agent_indoor3_headbutt/forward/Image0122.flo
train/Frame_Anime/agent_indoor3_headbutt/original/Image0123.png,train/Frame_Anime/agent_indoor3_headbutt/original/Image0124.png,train/Flow/agent_indoor3_headbutt/forward/Image0123.flo
train/Frame_Anime/agent_indoor3_headbutt/original/Image0124.png,train/Frame_Anime/agent_indoor3_headbutt/original/Image0125.png,train/Flow/agent_indoor3_headbutt/forward/Image0124.flo
train/Frame_Anime/agent_indoor3_headbutt/original/Image0125.png,train/Frame_Anime/agent_indoor3_headbutt/original/Image0126.png,train/Flow/agent_indoor3_headbutt/forward/Image0125.flo
train/Frame_Anime/agent_indoor3_headbutt/original/Image0126.png,train/Frame_Anime/agent_indoor3_headbutt/original/Image0127.png,train/Flow/agent_indoor3_headbutt/forward/Image0126.flo
train/Frame_Anime/agent_indoor3_headbutt/original/Image0127.png,train/Frame_Anime/agent_indoor3_headbutt/original/Image0128.png,train/Flow/agent_indoor3_headbutt/forward/Image0127.flo
train/Frame_Anime/agent_indoor3_headbutt/original/Image0128.png,train/Frame_Anime/agent_indoor3_headbutt/original/Image0129.png,train/Flow/agent_indoor3_headbutt/forward/Image0128.flo
train/Frame_Anime/agent_indoor3_headbutt/original/Image0129.png,train/Frame_Anime/agent_indoor3_headbutt/original/Image0130.png,train/Flow/agent_indoor3_headbutt/forward/Image0129.flo
train/Frame_Anime/agent_indoor4_dodges/original/Image0182.png,train/Frame_Anime/agent_indoor4_dodges/original/Image0183.png,train/Flow/agent_indoor4_dodges/forward/Image0182.flo
train/Frame_Anime/agent_indoor4_dodges/original/Image0183.png,train/Frame_Anime/agent_indoor4_dodges/original/Image0184.png,train/Flow/agent_indoor4_dodges/forward/Image0183.flo
train/Frame_Anime/agent_indoor4_dodges/original/Image0184.png,train/Frame_Anime/agent_indoor4_dodges/original/Image0185.png,train/Flow/agent_indoor4_dodges/forward/Image0184.flo
train/Frame_Anime/agent_indoor4_dodges/original/Image0185.png,train/Frame_Anime/agent_indoor4_dodges/original/Image0186.png,train/Flow/agent_indoor4_dodges/forward/Image0185.flo
train/Frame_Anime/agent_indoor4_dodges/original/Image0186.png,train/Frame_Anime/agent_indoor4_dodges/original/Image0187.png,train/Flow/agent_indoor4_dodges/forward/Image0186.flo
train/Frame_Anime/agent_indoor4_dodges/original/Image0187.png,train/Frame_Anime/agent_indoor4_dodges/original/Image0188.png,train/Flow/agent_indoor4_dodges/forward/Image0187.flo
train/Frame_Anime/agent_indoor4_dodges/original/Image0188.png,train/Frame_Anime/agent_indoor4_dodges/original/Image0189.png,train/Flow/agent_indoor4_dodges/forward/Image0188.flo
train/Frame_Anime/agent_indoor4_dodges/original/Image0189.png,train/Frame_Anime/agent_indoor4_dodges/original/Image0190.png,train/Flow/agent_indoor4_dodges/forward/Image0189.flo
train/Frame_Anime/agent_indoor4_dodges/original/Image0190.png,train/Frame_Anime/agent_indoor4_dodges/original/Image0191.png,train/Flow/agent_indoor4_dodges/forward/Image0190.flo
train/Frame_Anime/agent_indoor4_dodges/original/Image0191.png,train/Frame_Anime/agent_indoor4_dodges/original/Image0192.png,train/Flow/agent_indoor4_dodges/forward/Image0191.flo
train/Frame_Anime/agent_indoor4_dodges/original/Image0192.png,train/Frame_Anime/agent_indoor4_dodges/original/Image0193.png,train/Flow/agent_indoor4_dodges/forward/Image0192.flo
train/Frame_Anime/agent_indoor4_dodges/original/Image0193.png,train/Frame_Anime/agent_indoor4_dodges/original/Image0194.png,train/Flow/agent_indoor4_dodges/forward/Image0193.flo
train/Frame_Anime/agent_indoor4_dodges/original/Image0194.png,train/Frame_Anime/agent_indoor4_dodges/original/Image0195.png,train/Flow/agent_indoor4_dodges/forward/Image0194.flo
train/Frame_Anime/agent_indoor4_dodges/original/Image0195.png,train/Frame_Anime/agent_indoor4_dodges/original/Image0196.png,train/Flow/agent_indoor4_dodges/forward/Image0195.flo
train/Frame_Anime/agent_indoor4_dodges/original/Image0196.png,train/Frame_Anime/agent_indoor4_dodges/original/Image0197.png,train/Flow/agent_indoor4_dodges/forward/Image0196.flo
train/Frame_Anime/agent_indoor4_dodges/original/Image0197.png,train/Frame_Anime/agent_indoor4_dodges/original/Image0198.png,train/Flow/agent_indoor4_dodges/forward/Image0197.flo
train/Frame_Anime/agent_indoor4_dodges/original/Image0198.png,train/Frame_Anime/agent_indoor4_dodges/original/Image0199.png,train/Flow/agent_indoor4_dodges/forward/Image0198.flo
train/Frame_Anime/agent_indoor4_dodges/original/Image0199.png,train/Frame_Anime/agent_indoor4_dodges/original/Image0200.png,train/Flow/agent_indoor4_dodges/forward/Image0199.flo
train/Frame_Anime/agent_indoor4_dodges/original/Image0200.png,train/Frame_Anime/agent_indoor4_dodges/original/Image0201.png,train/Flow/agent_indoor4_dodges/forward/Image0200.flo
train/Frame_Anime/agent_indoor4_dodges/original/Image0201.png,train/Frame_Anime/agent_indoor4_dodges/original/Image0202.png,train/Flow/agent_indoor4_dodges/forward/Image0201.flo
train/Frame_Anime/agent_indoor4_dodges/original/Image0202.png,train/Frame_Anime/agent_indoor4_dodges/original/Image0203.png,train/Flow/agent_indoor4_dodges/forward/Image0202.flo
train/Frame_Anime/agent_indoor4_dodges/original/Image0203.png,train/Frame_Anime/agent_indoor4_dodges/original/Image0204.png,train/Flow/agent_indoor4_dodges/forward/Image0203.flo
train/Frame_Anime/agent_indoor4_dodges/original/Image0204.png,train/Frame_Anime/agent_indoor4_dodges/original/Image0205.png,train/Flow/agent_indoor4_dodges/forward/Image0204.flo
train/Frame_Anime/agent_indoor4_dodges/original/Image0205.png,train/Frame_Anime/agent_indoor4_dodges/original/Image0206.png,train/Flow/agent_indoor4_dodges/forward/Image0205.flo
train/Frame_Anime/agent_indoor4_dodges/original/Image0206.png,train/Frame_Anime/agent_indoor4_dodges/original/Image0207.png,train/Flow/agent_indoor4_dodges/forward/Image0206.flo
train/Frame_Anime/agent_indoor4_dodges/original/Image0207.png,train/Frame_Anime/agent_indoor4_dodges/original/Image0208.png,train/Flow/agent_indoor4_dodges/forward/Image0207.flo
train/Frame_Anime/agent_indoor4_dodges/original/Image0208.png,train/Frame_Anime/agent_indoor4_dodges/original/Image0209.png,train/Flow/agent_indoor4_dodges/forward/Image0208.flo
train/Frame_Anime/agent_indoor4_dodges/original/Image0209.png,train/Frame_Anime/agent_indoor4_dodges/original/Image0210.png,train/Flow/agent_indoor4_dodges/forward/Image0209.flo
train/Frame_Anime/agent_indoor4_dodges/original/Image0210.png,train/Frame_Anime/agent_indoor4_dodges/original/Image0211.png,train/Flow/agent_indoor4_dodges/forward/Image0210.flo
train/Frame_Anime/agent_indoor4_dodges/original/Image0211.png,train/Frame_Anime/agent_indoor4_dodges/original/Image0212.png,train/Flow/agent_indoor4_dodges/forward/Image0211.flo
train/Frame_Anime/agent_indoor4_dodges/original/Image0212.png,train/Frame_Anime/agent_indoor4_dodges/original/Image0213.png,train/Flow/agent_indoor4_dodges/forward/Image0212.flo
train/Frame_Anime/agent_indoor4_dodges/original/Image0213.png,train/Frame_Anime/agent_indoor4_dodges/original/Image0214.png,train/Flow/agent_indoor4_dodges/forward/Image0213.flo
train/Frame_Anime/agent_indoor4_dodges/original/Image0214.png,train/Frame_Anime/agent_indoor4_dodges/original/Image0215.png,train/Flow/agent_indoor4_dodges/forward/Image0214.flo
train/Frame_Anime/agent_indoor4_dodges/original/Image0215.png,train/Frame_Anime/agent_indoor4_dodges/original/Image0216.png,train/Flow/agent_indoor4_dodges/forward/Image0215.flo
train/Frame_Anime/agent_indoor4_dodges/original/Image0216.png,train/Frame_Anime/agent_indoor4_dodges/original/Image0217.png,train/Flow/agent_indoor4_dodges/forward/Image0216.flo
train/Frame_Anime/agent_indoor4_dodges/original/Image0217.png,train/Frame_Anime/agent_indoor4_dodges/original/Image0218.png,train/Flow/agent_indoor4_dodges/forward/Image0217.flo
train/Frame_Anime/agent_indoor4_dodges/original/Image0218.png,train/Frame_Anime/agent_indoor4_dodges/original/Image0219.png,train/Flow/agent_indoor4_dodges/forward/Image0218.flo
train/Frame_Anime/agent_indoor4_dodges/original/Image0219.png,train/Frame_Anime/agent_indoor4_dodges/original/Image0220.png,train/Flow/agent_indoor4_dodges/forward/Image0219.flo
train/Frame_Anime/agent_indoor4_dodges/original/Image0220.png,train/Frame_Anime/agent_indoor4_dodges/original/Image0221.png,train/Flow/agent_indoor4_dodges/forward/Image0220.flo
train/Frame_Anime/agent_indoor4_dodges/original/Image0221.png,train/Frame_Anime/agent_indoor4_dodges/original/Image0222.png,train/Flow/agent_indoor4_dodges/forward/Image0221.flo
train/Frame_Anime/agent_indoor4_dodges/original/Image0222.png,train/Frame_Anime/agent_indoor4_dodges/original/Image0223.png,train/Flow/agent_indoor4_dodges/forward/Image0222.flo
train/Frame_Anime/agent_indoor4_dodges/original/Image0223.png,train/Frame_Anime/agent_indoor4_dodges/original/Image0224.png,train/Flow/agent_indoor4_dodges/forward/Image0223.flo
train/Frame_Anime/agent_indoor4_dodges/original/Image0224.png,train/Frame_Anime/agent_indoor4_dodges/original/Image0225.png,train/Flow/agent_indoor4_dodges/forward/Image0224.flo
train/Frame_Anime/agent_indoor4_dodges/original/Image0225.png,train/Frame_Anime/agent_indoor4_dodges/original/Image0226.png,train/Flow/agent_indoor4_dodges/forward/Image0225.flo
train/Frame_Anime/agent_indoor5_push_down/original/Image0152.png,train/Frame_Anime/agent_indoor5_push_down/original/Image0153.png,train/Flow/agent_indoor5_push_down/forward/Image0152.flo
train/Frame_Anime/agent_indoor5_push_down/original/Image0153.png,train/Frame_Anime/agent_indoor5_push_down/original/Image0154.png,train/Flow/agent_indoor5_push_down/forward/Image0153.flo
train/Frame_Anime/agent_indoor5_push_down/original/Image0154.png,train/Frame_Anime/agent_indoor5_push_down/original/Image0155.png,train/Flow/agent_indoor5_push_down/forward/Image0154.flo
train/Frame_Anime/agent_indoor5_push_down/original/Image0155.png,train/Frame_Anime/agent_indoor5_push_down/original/Image0156.png,train/Flow/agent_indoor5_push_down/forward/Image0155.flo
train/Frame_Anime/agent_indoor5_push_down/original/Image0156.png,train/Frame_Anime/agent_indoor5_push_down/original/Image0157.png,train/Flow/agent_indoor5_push_down/forward/Image0156.flo
train/Frame_Anime/agent_indoor5_push_down/original/Image0157.png,train/Frame_Anime/agent_indoor5_push_down/original/Image0158.png,train/Flow/agent_indoor5_push_down/forward/Image0157.flo
train/Frame_Anime/agent_indoor5_push_down/original/Image0158.png,train/Frame_Anime/agent_indoor5_push_down/original/Image0159.png,train/Flow/agent_indoor5_push_down/forward/Image0158.flo
train/Frame_Anime/agent_indoor5_push_down/original/Image0159.png,train/Frame_Anime/agent_indoor5_push_down/original/Image0160.png,train/Flow/agent_indoor5_push_down/forward/Image0159.flo
train/Frame_Anime/agent_indoor5_push_down/original/Image0160.png,train/Frame_Anime/agent_indoor5_push_down/original/Image0161.png,train/Flow/agent_indoor5_push_down/forward/Image0160.flo
train/Frame_Anime/agent_indoor5_push_down/original/Image0161.png,train/Frame_Anime/agent_indoor5_push_down/original/Image0162.png,train/Flow/agent_indoor5_push_down/forward/Image0161.flo
train/Frame_Anime/agent_indoor5_push_down/original/Image0162.png,train/Frame_Anime/agent_indoor5_push_down/original/Image0163.png,train/Flow/agent_indoor5_push_down/forward/Image0162.flo
train/Frame_Anime/agent_indoor5_push_down/original/Image0163.png,train/Frame_Anime/agent_indoor5_push_down/original/Image0164.png,train/Flow/agent_indoor5_push_down/forward/Image0163.flo
train/Frame_Anime/agent_indoor5_push_down/original/Image0164.png,train/Frame_Anime/agent_indoor5_push_down/original/Image0165.png,train/Flow/agent_indoor5_push_down/forward/Image0164.flo
train/Frame_Anime/agent_indoor5_push_down/original/Image0165.png,train/Frame_Anime/agent_indoor5_push_down/original/Image0166.png,train/Flow/agent_indoor5_push_down/forward/Image0165.flo
train/Frame_Anime/agent_indoor5_push_down/original/Image0166.png,train/Frame_Anime/agent_indoor5_push_down/original/Image0167.png,train/Flow/agent_indoor5_push_down/forward/Image0166.flo
train/Frame_Anime/agent_indoor5_push_down/original/Image0167.png,train/Frame_Anime/agent_indoor5_push_down/original/Image0168.png,train/Flow/agent_indoor5_push_down/forward/Image0167.flo
train/Frame_Anime/agent_indoor5_push_down/original/Image0168.png,train/Frame_Anime/agent_indoor5_push_down/original/Image0169.png,train/Flow/agent_indoor5_push_down/forward/Image0168.flo
train/Frame_Anime/agent_indoor5_push_down/original/Image0169.png,train/Frame_Anime/agent_indoor5_push_down/original/Image0170.png,train/Flow/agent_indoor5_push_down/forward/Image0169.flo
train/Frame_Anime/agent_indoor5_push_down/original/Image0170.png,train/Frame_Anime/agent_indoor5_push_down/original/Image0171.png,train/Flow/agent_indoor5_push_down/forward/Image0170.flo
train/Frame_Anime/agent_indoor5_push_down/original/Image0171.png,train/Frame_Anime/agent_indoor5_push_down/original/Image0172.png,train/Flow/agent_indoor5_push_down/forward/Image0171.flo
train/Frame_Anime/agent_indoor5_push_down/original/Image0172.png,train/Frame_Anime/agent_indoor5_push_down/original/Image0173.png,train/Flow/agent_indoor5_push_down/forward/Image0172.flo
train/Frame_Anime/agent_indoor5_push_down/original/Image0173.png,train/Frame_Anime/agent_indoor5_push_down/original/Image0174.png,train/Flow/agent_indoor5_push_down/forward/Image0173.flo
train/Frame_Anime/agent_indoor5_push_down/original/Image0174.png,train/Frame_Anime/agent_indoor5_push_down/original/Image0175.png,train/Flow/agent_indoor5_push_down/forward/Image0174.flo
train/Frame_Anime/agent_indoor5_push_down/original/Image0175.png,train/Frame_Anime/agent_indoor5_push_down/original/Image0176.png,train/Flow/agent_indoor5_push_down/forward/Image0175.flo
train/Frame_Anime/agent_indoor5_push_down/original/Image0176.png,train/Frame_Anime/agent_indoor5_push_down/original/Image0177.png,train/Flow/agent_indoor5_push_down/forward/Image0176.flo
train/Frame_Anime/agent_indoor5_push_down/original/Image0177.png,train/Frame_Anime/agent_indoor5_push_down/original/Image0178.png,train/Flow/agent_indoor5_push_down/forward/Image0177.flo
train/Frame_Anime/agent_indoor5_push_down/original/Image0178.png,train/Frame_Anime/agent_indoor5_push_down/original/Image0179.png,train/Flow/agent_indoor5_push_down/forward/Image0178.flo
train/Frame_Anime/agent_indoor5_push_down/original/Image0179.png,train/Frame_Anime/agent_indoor5_push_down/original/Image0180.png,train/Flow/agent_indoor5_push_down/forward/Image0179.flo
train/Frame_Anime/agent_indoor5_push_down/original/Image0180.png,train/Frame_Anime/agent_indoor5_push_down/original/Image0181.png,train/Flow/agent_indoor5_push_down/forward/Image0180.flo
train/Frame_Anime/agent_indoor5_push_down/original/Image0181.png,train/Frame_Anime/agent_indoor5_push_down/original/Image0182.png,train/Flow/agent_indoor5_push_down/forward/Image0181.flo
train/Frame_Anime/agent_indoor5_push_down/original/Image0182.png,train/Frame_Anime/agent_indoor5_push_down/original/Image0183.png,train/Flow/agent_indoor5_push_down/forward/Image0182.flo
train/Frame_Anime/agent_indoor5_push_down/original/Image0183.png,train/Frame_Anime/agent_indoor5_push_down/original/Image0184.png,train/Flow/agent_indoor5_push_down/forward/Image0183.flo
train/Frame_Anime/agent_indoor5_push_down/original/Image0184.png,train/Frame_Anime/agent_indoor5_push_down/original/Image0185.png,train/Flow/agent_indoor5_push_down/forward/Image0184.flo
train/Frame_Anime/agent_indoor5_push_down/original/Image0185.png,train/Frame_Anime/agent_indoor5_push_down/original/Image0186.png,train/Flow/agent_indoor5_push_down/forward/Image0185.flo
train/Frame_Anime/agent_indoor5_push_down/original/Image0186.png,train/Frame_Anime/agent_indoor5_push_down/original/Image0187.png,train/Flow/agent_indoor5_push_down/forward/Image0186.flo
train/Frame_Anime/agent_indoor5_push_down/original/Image0187.png,train/Frame_Anime/agent_indoor5_push_down/original/Image0188.png,train/Flow/agent_indoor5_push_down/forward/Image0187.flo
train/Frame_Anime/agent_indoor5_push_down/original/Image0188.png,train/Frame_Anime/agent_indoor5_push_down/original/Image0189.png,train/Flow/agent_indoor5_push_down/forward/Image0188.flo
train/Frame_Anime/agent_indoor5_push_down/original/Image0189.png,train/Frame_Anime/agent_indoor5_push_down/original/Image0190.png,train/Flow/agent_indoor5_push_down/forward/Image0189.flo
train/Frame_Anime/agent_indoor5_push_down/original/Image0190.png,train/Frame_Anime/agent_indoor5_push_down/original/Image0191.png,train/Flow/agent_indoor5_push_down/forward/Image0190.flo
train/Frame_Anime/agent_indoor5_push_down/original/Image0191.png,train/Frame_Anime/agent_indoor5_push_down/original/Image0192.png,train/Flow/agent_indoor5_push_down/forward/Image0191.flo
train/Frame_Anime/agent_indoor5_push_down/original/Image0192.png,train/Frame_Anime/agent_indoor5_push_down/original/Image0193.png,train/Flow/agent_indoor5_push_down/forward/Image0192.flo
train/Frame_Anime/agent_indoor5_push_down/original/Image0193.png,train/Frame_Anime/agent_indoor5_push_down/original/Image0194.png,train/Flow/agent_indoor5_push_down/forward/Image0193.flo
train/Frame_Anime/agent_indoor5_push_down/original/Image0194.png,train/Frame_Anime/agent_indoor5_push_down/original/Image0195.png,train/Flow/agent_indoor5_push_down/forward/Image0194.flo
train/Frame_Anime/agent_indoor5_push_down/original/Image0195.png,train/Frame_Anime/agent_indoor5_push_down/original/Image0196.png,train/Flow/agent_indoor5_push_down/forward/Image0195.flo
train/Frame_Anime/agent_indoor5_push_down/original/Image0196.png,train/Frame_Anime/agent_indoor5_push_down/original/Image0197.png,train/Flow/agent_indoor5_push_down/forward/Image0196.flo
train/Frame_Anime/agent_indoor5_push_down/original/Image0197.png,train/Frame_Anime/agent_indoor5_push_down/original/Image0198.png,train/Flow/agent_indoor5_push_down/forward/Image0197.flo
train/Frame_Anime/agent_indoor5_push_down/original/Image0198.png,train/Frame_Anime/agent_indoor5_push_down/original/Image0199.png,train/Flow/agent_indoor5_push_down/forward/Image0198.flo
train/Frame_Anime/agent_indoor5_push_down/original/Image0199.png,train/Frame_Anime/agent_indoor5_push_down/original/Image0200.png,train/Flow/agent_indoor5_push_down/forward/Image0199.flo
train/Frame_Anime/agent_indoor5_push_down/original/Image0200.png,train/Frame_Anime/agent_indoor5_push_down/original/Image0201.png,train/Flow/agent_indoor5_push_down/forward/Image0200.flo
train/Frame_Anime/agent_indoor6_push_button/original/Image0139.png,train/Frame_Anime/agent_indoor6_push_button/original/Image0140.png,train/Flow/agent_indoor6_push_button/forward/Image0139.flo
train/Frame_Anime/agent_indoor6_push_button/original/Image0140.png,train/Frame_Anime/agent_indoor6_push_button/original/Image0141.png,train/Flow/agent_indoor6_push_button/forward/Image0140.flo
train/Frame_Anime/agent_indoor6_push_button/original/Image0141.png,train/Frame_Anime/agent_indoor6_push_button/original/Image0142.png,train/Flow/agent_indoor6_push_button/forward/Image0141.flo
train/Frame_Anime/agent_indoor6_push_button/original/Image0142.png,train/Frame_Anime/agent_indoor6_push_button/original/Image0143.png,train/Flow/agent_indoor6_push_button/forward/Image0142.flo
train/Frame_Anime/agent_indoor6_push_button/original/Image0143.png,train/Frame_Anime/agent_indoor6_push_button/original/Image0144.png,train/Flow/agent_indoor6_push_button/forward/Image0143.flo
train/Frame_Anime/agent_indoor6_push_button/original/Image0144.png,train/Frame_Anime/agent_indoor6_push_button/original/Image0145.png,train/Flow/agent_indoor6_push_button/forward/Image0144.flo
train/Frame_Anime/agent_indoor6_push_button/original/Image0145.png,train/Frame_Anime/agent_indoor6_push_button/original/Image0146.png,train/Flow/agent_indoor6_push_button/forward/Image0145.flo
train/Frame_Anime/agent_indoor6_push_button/original/Image0146.png,train/Frame_Anime/agent_indoor6_push_button/original/Image0147.png,train/Flow/agent_indoor6_push_button/forward/Image0146.flo
train/Frame_Anime/agent_indoor6_push_button/original/Image0147.png,train/Frame_Anime/agent_indoor6_push_button/original/Image0148.png,train/Flow/agent_indoor6_push_button/forward/Image0147.flo
train/Frame_Anime/agent_indoor6_push_button/original/Image0148.png,train/Frame_Anime/agent_indoor6_push_button/original/Image0149.png,train/Flow/agent_indoor6_push_button/forward/Image0148.flo
train/Frame_Anime/agent_indoor6_push_button/original/Image0149.png,train/Frame_Anime/agent_indoor6_push_button/original/Image0150.png,train/Flow/agent_indoor6_push_button/forward/Image0149.flo
train/Frame_Anime/agent_indoor6_push_button/original/Image0150.png,train/Frame_Anime/agent_indoor6_push_button/original/Image0151.png,train/Flow/agent_indoor6_push_button/forward/Image0150.flo
train/Frame_Anime/agent_indoor6_push_button/original/Image0151.png,train/Frame_Anime/agent_indoor6_push_button/original/Image0152.png,train/Flow/agent_indoor6_push_button/forward/Image0151.flo
train/Frame_Anime/agent_indoor6_push_button/original/Image0152.png,train/Frame_Anime/agent_indoor6_push_button/original/Image0153.png,train/Flow/agent_indoor6_push_button/forward/Image0152.flo
train/Frame_Anime/agent_indoor6_push_button/original/Image0153.png,train/Frame_Anime/agent_indoor6_push_button/original/Image0154.png,train/Flow/agent_indoor6_push_button/forward/Image0153.flo
train/Frame_Anime/agent_indoor6_push_button/original/Image0154.png,train/Frame_Anime/agent_indoor6_push_button/original/Image0155.png,train/Flow/agent_indoor6_push_button/forward/Image0154.flo
train/Frame_Anime/agent_indoor6_push_button/original/Image0155.png,train/Frame_Anime/agent_indoor6_push_button/original/Image0156.png,train/Flow/agent_indoor6_push_button/forward/Image0155.flo
train/Frame_Anime/agent_indoor6_push_button/original/Image0156.png,train/Frame_Anime/agent_indoor6_push_button/original/Image0157.png,train/Flow/agent_indoor6_push_button/forward/Image0156.flo
train/Frame_Anime/agent_indoor6_push_button/original/Image0157.png,train/Frame_Anime/agent_indoor6_push_button/original/Image0158.png,train/Flow/agent_indoor6_push_button/forward/Image0157.flo
train/Frame_Anime/agent_indoor6_push_button/original/Image0158.png,train/Frame_Anime/agent_indoor6_push_button/original/Image0159.png,train/Flow/agent_indoor6_push_button/forward/Image0158.flo
train/Frame_Anime/agent_indoor6_push_button/original/Image0159.png,train/Frame_Anime/agent_indoor6_push_button/original/Image0160.png,train/Flow/agent_indoor6_push_button/forward/Image0159.flo
train/Frame_Anime/agent_indoor6_push_button/original/Image0160.png,train/Frame_Anime/agent_indoor6_push_button/original/Image0161.png,train/Flow/agent_indoor6_push_button/forward/Image0160.flo
train/Frame_Anime/agent_indoor6_push_button/original/Image0161.png,train/Frame_Anime/agent_indoor6_push_button/original/Image0162.png,train/Flow/agent_indoor6_push_button/forward/Image0161.flo
train/Frame_Anime/agent_indoor6_push_button/original/Image0162.png,train/Frame_Anime/agent_indoor6_push_button/original/Image0163.png,train/Flow/agent_indoor6_push_button/forward/Image0162.flo
train/Frame_Anime/agent_indoor6_push_button/original/Image0163.png,train/Frame_Anime/agent_indoor6_push_button/original/Image0164.png,train/Flow/agent_indoor6_push_button/forward/Image0163.flo
train/Frame_Anime/agent_indoor6_push_button/original/Image0164.png,train/Frame_Anime/agent_indoor6_push_button/original/Image0165.png,train/Flow/agent_indoor6_push_button/forward/Image0164.flo
train/Frame_Anime/agent_indoor6_push_button/original/Image0165.png,train/Frame_Anime/agent_indoor6_push_button/original/Image0166.png,train/Flow/agent_indoor6_push_button/forward/Image0165.flo
train/Frame_Anime/agent_indoor6_push_button/original/Image0166.png,train/Frame_Anime/agent_indoor6_push_button/original/Image0167.png,train/Flow/agent_indoor6_push_button/forward/Image0166.flo
train/Frame_Anime/agent_indoor6_push_button/original/Image0167.png,train/Frame_Anime/agent_indoor6_push_button/original/Image0168.png,train/Flow/agent_indoor6_push_button/forward/Image0167.flo
train/Frame_Anime/agent_indoor6_push_button/original/Image0168.png,train/Frame_Anime/agent_indoor6_push_button/original/Image0169.png,train/Flow/agent_indoor6_push_button/forward/Image0168.flo
train/Frame_Anime/agent_indoor6_push_button/original/Image0169.png,train/Frame_Anime/agent_indoor6_push_button/original/Image0170.png,train/Flow/agent_indoor6_push_button/forward/Image0169.flo
train/Frame_Anime/agent_indoor6_push_button/original/Image0170.png,train/Frame_Anime/agent_indoor6_push_button/original/Image0171.png,train/Flow/agent_indoor6_push_button/forward/Image0170.flo
train/Frame_Anime/agent_indoor6_push_button/original/Image0171.png,train/Frame_Anime/agent_indoor6_push_button/original/Image0172.png,train/Flow/agent_indoor6_push_button/forward/Image0171.flo
train/Frame_Anime/agent_indoor6_push_button/original/Image0172.png,train/Frame_Anime/agent_indoor6_push_button/original/Image0173.png,train/Flow/agent_indoor6_push_button/forward/Image0172.flo
train/Frame_Anime/agent_indoor6_push_button/original/Image0173.png,train/Frame_Anime/agent_indoor6_push_button/original/Image0174.png,train/Flow/agent_indoor6_push_button/forward/Image0173.flo
train/Frame_Anime/agent_indoor6_push_button/original/Image0174.png,train/Frame_Anime/agent_indoor6_push_button/original/Image0175.png,train/Flow/agent_indoor6_push_button/forward/Image0174.flo
train/Frame_Anime/agent_indoor6_push_button/original/Image0175.png,train/Frame_Anime/agent_indoor6_push_button/original/Image0176.png,train/Flow/agent_indoor6_push_button/forward/Image0175.flo
train/Frame_Anime/agent_indoor6_push_button/original/Image0176.png,train/Frame_Anime/agent_indoor6_push_button/original/Image0177.png,train/Flow/agent_indoor6_push_button/forward/Image0176.flo
train/Frame_Anime/agent_indoor6_push_button/original/Image0177.png,train/Frame_Anime/agent_indoor6_push_button/original/Image0178.png,train/Flow/agent_indoor6_push_button/forward/Image0177.flo
train/Frame_Anime/agent_indoor6_push_button/original/Image0178.png,train/Frame_Anime/agent_indoor6_push_button/original/Image0179.png,train/Flow/agent_indoor6_push_button/forward/Image0178.flo
train/Frame_Anime/agent_indoor6_push_button/original/Image0179.png,train/Frame_Anime/agent_indoor6_push_button/original/Image0180.png,train/Flow/agent_indoor6_push_button/forward/Image0179.flo
train/Frame_Anime/agent_indoor6_push_button/original/Image0180.png,train/Frame_Anime/agent_indoor6_push_button/original/Image0181.png,train/Flow/agent_indoor6_push_button/forward/Image0180.flo
train/Frame_Anime/agent_indoor6_push_button/original/Image0181.png,train/Frame_Anime/agent_indoor6_push_button/original/Image0182.png,train/Flow/agent_indoor6_push_button/forward/Image0181.flo
train/Frame_Anime/agent_indoor6_push_button/original/Image0182.png,train/Frame_Anime/agent_indoor6_push_button/original/Image0183.png,train/Flow/agent_indoor6_push_button/forward/Image0182.flo
train/Frame_Anime/agent_indoor6_push_button/original/Image0183.png,train/Frame_Anime/agent_indoor6_push_button/original/Image0184.png,train/Flow/agent_indoor6_push_button/forward/Image0183.flo
train/Frame_Anime/agent_indoor6_push_button/original/Image0184.png,train/Frame_Anime/agent_indoor6_push_button/original/Image0185.png,train/Flow/agent_indoor6_push_button/forward/Image0184.flo
train/Frame_Anime/agent_indoor6_push_button/original/Image0185.png,train/Frame_Anime/agent_indoor6_push_button/original/Image0186.png,train/Flow/agent_indoor6_push_button/forward/Image0185.flo
train/Frame_Anime/agent_indoor6_push_button/original/Image0186.png,train/Frame_Anime/agent_indoor6_push_button/original/Image0187.png,train/Flow/agent_indoor6_push_button/forward/Image0186.flo
train/Frame_Anime/agent_indoor6_push_button/original/Image0187.png,train/Frame_Anime/agent_indoor6_push_button/original/Image0188.png,train/Flow/agent_indoor6_push_button/forward/Image0187.flo
train/Frame_Anime/agent_indoor6_push_button/original/Image0188.png,train/Frame_Anime/agent_indoor6_push_button/original/Image0189.png,train/Flow/agent_indoor6_push_button/forward/Image0188.flo
train/Frame_Anime/agent_indoor6_push_button/original/Image0189.png,train/Frame_Anime/agent_indoor6_push_button/original/Image0190.png,train/Flow/agent_indoor6_push_button/forward/Image0189.flo
train/Frame_Anime/agent_indoor6_push_button/original/Image0190.png,train/Frame_Anime/agent_indoor6_push_button/original/Image0191.png,train/Flow/agent_indoor6_push_button/forward/Image0190.flo
train/Frame_Anime/agent_indoor6_push_button/original/Image0191.png,train/Frame_Anime/agent_indoor6_push_button/original/Image0192.png,train/Flow/agent_indoor6_push_button/forward/Image0191.flo
train/Frame_Anime/agent_indoor6_push_button/original/Image0192.png,train/Frame_Anime/agent_indoor6_push_button/original/Image0193.png,train/Flow/agent_indoor6_push_button/forward/Image0192.flo
train/Frame_Anime/agent_indoor6_push_button/original/Image0193.png,train/Frame_Anime/agent_indoor6_push_button/original/Image0194.png,train/Flow/agent_indoor6_push_button/forward/Image0193.flo
train/Frame_Anime/agent_indoor6_push_button/original/Image0194.png,train/Frame_Anime/agent_indoor6_push_button/original/Image0195.png,train/Flow/agent_indoor6_push_button/forward/Image0194.flo
train/Frame_Anime/agent_indoor6_push_button/original/Image0195.png,train/Frame_Anime/agent_indoor6_push_button/original/Image0196.png,train/Flow/agent_indoor6_push_button/forward/Image0195.flo
train/Frame_Anime/agent_indoor6_push_button/original/Image0196.png,train/Frame_Anime/agent_indoor6_push_button/original/Image0197.png,train/Flow/agent_indoor6_push_button/forward/Image0196.flo
train/Frame_Anime/agent_indoor6_push_button/original/Image0197.png,train/Frame_Anime/agent_indoor6_push_button/original/Image0198.png,train/Flow/agent_indoor6_push_button/forward/Image0197.flo
train/Frame_Anime/agent_indoor6_push_button/original/Image0198.png,train/Frame_Anime/agent_indoor6_push_button/original/Image0199.png,train/Flow/agent_indoor6_push_button/forward/Image0198.flo
train/Frame_Anime/agent_indoor6_push_button/original/Image0199.png,train/Frame_Anime/agent_indoor6_push_button/original/Image0200.png,train/Flow/agent_indoor6_push_button/forward/Image0199.flo
train/Frame_Anime/agent_indoor6_push_button/original/Image0200.png,train/Frame_Anime/agent_indoor6_push_button/original/Image0201.png,train/Flow/agent_indoor6_push_button/forward/Image0200.flo
train/Frame_Anime/agent_indoor6_push_button/original/Image0201.png,train/Frame_Anime/agent_indoor6_push_button/original/Image0202.png,train/Flow/agent_indoor6_push_button/forward/Image0201.flo
train/Frame_Anime/agent_indoor6_push_button/original/Image0202.png,train/Frame_Anime/agent_indoor6_push_button/original/Image0203.png,train/Flow/agent_indoor6_push_button/forward/Image0202.flo
train/Frame_Anime/agent_indoor6_push_button/original/Image0203.png,train/Frame_Anime/agent_indoor6_push_button/original/Image0204.png,train/Flow/agent_indoor6_push_button/forward/Image0203.flo
train/Frame_Anime/agent_indoor6_push_button/original/Image0204.png,train/Frame_Anime/agent_indoor6_push_button/original/Image0205.png,train/Flow/agent_indoor6_push_button/forward/Image0204.flo
train/Frame_Anime/agent_indoor6_push_button/original/Image0205.png,train/Frame_Anime/agent_indoor6_push_button/original/Image0206.png,train/Flow/agent_indoor6_push_button/forward/Image0205.flo
train/Frame_Anime/agent_indoor6_push_button/original/Image0206.png,train/Frame_Anime/agent_indoor6_push_button/original/Image0207.png,train/Flow/agent_indoor6_push_button/forward/Image0206.flo
train/Frame_Anime/agent_indoor6_push_button/original/Image0207.png,train/Frame_Anime/agent_indoor6_push_button/original/Image0208.png,train/Flow/agent_indoor6_push_button/forward/Image0207.flo
train/Frame_Anime/agent_indoor6_push_button/original/Image0208.png,train/Frame_Anime/agent_indoor6_push_button/original/Image0209.png,train/Flow/agent_indoor6_push_button/forward/Image0208.flo
train/Frame_Anime/agent_indoor6_push_button/original/Image0209.png,train/Frame_Anime/agent_indoor6_push_button/original/Image0210.png,train/Flow/agent_indoor6_push_button/forward/Image0209.flo
train/Frame_Anime/agent_indoor6_push_button/original/Image0210.png,train/Frame_Anime/agent_indoor6_push_button/original/Image0211.png,train/Flow/agent_indoor6_push_button/forward/Image0210.flo
train/Frame_Anime/agent_indoor6_push_button/original/Image0211.png,train/Frame_Anime/agent_indoor6_push_button/original/Image0212.png,train/Flow/agent_indoor6_push_button/forward/Image0211.flo
train/Frame_Anime/agent_indoor6_push_button/original/Image0212.png,train/Frame_Anime/agent_indoor6_push_button/original/Image0213.png,train/Flow/agent_indoor6_push_button/forward/Image0212.flo
train/Frame_Anime/agent_indoor6_push_button/original/Image0213.png,train/Frame_Anime/agent_indoor6_push_button/original/Image0214.png,train/Flow/agent_indoor6_push_button/forward/Image0213.flo
train/Frame_Anime/agent_indoor6_push_button/original/Image0214.png,train/Frame_Anime/agent_indoor6_push_button/original/Image0215.png,train/Flow/agent_indoor6_push_button/forward/Image0214.flo
train/Frame_Anime/agent_indoor6_push_button/original/Image0215.png,train/Frame_Anime/agent_indoor6_push_button/original/Image0216.png,train/Flow/agent_indoor6_push_button/forward/Image0215.flo
train/Frame_Anime/agent_indoor6_push_button/original/Image0216.png,train/Frame_Anime/agent_indoor6_push_button/original/Image0217.png,train/Flow/agent_indoor6_push_button/forward/Image0216.flo
train/Frame_Anime/agent_indoor6_push_button/original/Image0217.png,train/Frame_Anime/agent_indoor6_push_button/original/Image0218.png,train/Flow/agent_indoor6_push_button/forward/Image0217.flo
train/Frame_Anime/agent_indoor6_push_button/original/Image0218.png,train/Frame_Anime/agent_indoor6_push_button/original/Image0219.png,train/Flow/agent_indoor6_push_button/forward/Image0218.flo
train/Frame_Anime/agent_indoor6_push_button/original/Image0219.png,train/Frame_Anime/agent_indoor6_push_button/original/Image0220.png,train/Flow/agent_indoor6_push_button/forward/Image0219.flo
train/Frame_Anime/agent_indoor6_push_button/original/Image0220.png,train/Frame_Anime/agent_indoor6_push_button/original/Image0221.png,train/Flow/agent_indoor6_push_button/forward/Image0220.flo
train/Frame_Anime/agent_indoor6_push_button/original/Image0221.png,train/Frame_Anime/agent_indoor6_push_button/original/Image0222.png,train/Flow/agent_indoor6_push_button/forward/Image0221.flo
train/Frame_Anime/agent_indoor6_push_button/original/Image0222.png,train/Frame_Anime/agent_indoor6_push_button/original/Image0223.png,train/Flow/agent_indoor6_push_button/forward/Image0222.flo
train/Frame_Anime/agent_indoor6_push_button/original/Image0223.png,train/Frame_Anime/agent_indoor6_push_button/original/Image0224.png,train/Flow/agent_indoor6_push_button/forward/Image0223.flo
train/Frame_Anime/agent_indoor6_push_button/original/Image0224.png,train/Frame_Anime/agent_indoor6_push_button/original/Image0225.png,train/Flow/agent_indoor6_push_button/forward/Image0224.flo
train/Frame_Anime/agent_indoor6_push_button/original/Image0225.png,train/Frame_Anime/agent_indoor6_push_button/original/Image0226.png,train/Flow/agent_indoor6_push_button/forward/Image0225.flo
train/Frame_Anime/agent_indoor6_push_button/original/Image0226.png,train/Frame_Anime/agent_indoor6_push_button/original/Image0227.png,train/Flow/agent_indoor6_push_button/forward/Image0226.flo
